run_name,algorithm,labeled_dataset,description,is_duplicate_of,duration,duration_seconds,duration_hours
ood_cifar100_r0.1_s0_0406_1806,fixmatch,cifar10,FixMatch OOD-type sweep (6 OOD sources × r × seeds),,0h 44m 25s,2665,0.740278
ood_cifar100_r0.1_s10_0406_1851,fixmatch,cifar10,FixMatch OOD-type sweep (6 OOD sources × r × seeds),,0h 44m 54s,2694,0.748333
ood_cifar100_r0.1_s20_0406_1936,fixmatch,cifar10,FixMatch OOD-type sweep (6 OOD sources × r × seeds),,0h 44m 19s,2659,0.738611
ood_cifar100_r0.1_s30_0406_2020,fixmatch,cifar10,FixMatch OOD-type sweep (6 OOD sources × r × seeds),,0h 44m 24s,2664,0.74
ood_cifar100_r0.1_s40_0406_2104,fixmatch,cifar10,FixMatch OOD-type sweep (6 OOD sources × r × seeds),,0h 44m 36s,2676,0.743333
ood_cifar100_r0.2_s0_0407_1645,fixmatch,cifar10,FixMatch OOD-type sweep (6 OOD sources × r × seeds),,0h 44m 16s,2656,0.737778
ood_cifar100_r0.2_s10_0407_1729,fixmatch,cifar10,FixMatch OOD-type sweep (6 OOD sources × r × seeds),,0h 44m 9s,2649,0.735833
ood_cifar100_r0.2_s20_0407_1813,fixmatch,cifar10,FixMatch OOD-type sweep (6 OOD sources × r × seeds),,0h 43m 37s,2617,0.726944
ood_cifar100_r0.2_s30_0407_1857,fixmatch,cifar10,FixMatch OOD-type sweep (6 OOD sources × r × seeds),,0h 44m 0s,2640,0.733333
ood_cifar100_r0.2_s40_0407_1941,fixmatch,cifar10,FixMatch OOD-type sweep (6 OOD sources × r × seeds),,0h 44m 11s,2651,0.736389
ood_cifar100_r0.3_s0_0408_1522,fixmatch,cifar10,FixMatch OOD-type sweep (6 OOD sources × r × seeds),,0h 44m 6s,2646,0.735
ood_cifar100_r0.3_s10_0408_1606,fixmatch,cifar10,FixMatch OOD-type sweep (6 OOD sources × r × seeds),,0h 44m 4s,2644,0.734444
ood_cifar100_r0.3_s20_0408_1650,fixmatch,cifar10,FixMatch OOD-type sweep (6 OOD sources × r × seeds),,0h 43m 51s,2631,0.730833
ood_cifar100_r0.3_s30_0408_1734,fixmatch,cifar10,FixMatch OOD-type sweep (6 OOD sources × r × seeds),,0h 44m 9s,2649,0.735833
ood_cifar100_r0.3_s40_0408_1819,fixmatch,cifar10,FixMatch OOD-type sweep (6 OOD sources × r × seeds),,0h 43m 33s,2613,0.725833
ood_cifar100_r0.4_s0_0409_1355,fixmatch,cifar10,FixMatch OOD-type sweep (6 OOD sources × r × seeds),,0h 43m 33s,2613,0.725833
ood_cifar100_r0.4_s10_0409_1439,fixmatch,cifar10,FixMatch OOD-type sweep (6 OOD sources × r × seeds),,0h 43m 24s,2604,0.723333
ood_cifar100_r0.4_s20_0409_1522,fixmatch,cifar10,FixMatch OOD-type sweep (6 OOD sources × r × seeds),,0h 44m 12s,2652,0.736667
ood_cifar100_r0.4_s30_0409_1606,fixmatch,cifar10,FixMatch OOD-type sweep (6 OOD sources × r × seeds),,0h 43m 27s,2607,0.724167
ood_cifar100_r0.4_s40_0409_1650,fixmatch,cifar10,FixMatch OOD-type sweep (6 OOD sources × r × seeds),,0h 44m 16s,2656,0.737778
ood_cifar100_r0.5_s0_0410_1227,fixmatch,cifar10,FixMatch OOD-type sweep (6 OOD sources × r × seeds),,0h 43m 36s,2616,0.726667
ood_cifar100_r0.5_s10_0410_1310,fixmatch,cifar10,FixMatch OOD-type sweep (6 OOD sources × r × seeds),,0h 43m 6s,2586,0.718333
ood_cifar100_r0.5_s20_0410_1353,fixmatch,cifar10,FixMatch OOD-type sweep (6 OOD sources × r × seeds),,0h 43m 25s,2605,0.723611
ood_cifar100_r0.5_s30_0410_1437,fixmatch,cifar10,FixMatch OOD-type sweep (6 OOD sources × r × seeds),,0h 43m 48s,2628,0.73
ood_cifar100_r0.5_s40_0410_1521,fixmatch,cifar10,FixMatch OOD-type sweep (6 OOD sources × r × seeds),,0h 43m 52s,2632,0.731111
ood_gaussian_noise_r0.1_s0_0407_0916,fixmatch,cifar10,FixMatch OOD-type sweep (6 OOD sources × r × seeds),,0h 45m 46s,2746,0.762778
ood_gaussian_noise_r0.1_s10_0407_1001,fixmatch,cifar10,FixMatch OOD-type sweep (6 OOD sources × r × seeds),,0h 45m 30s,2730,0.758333
ood_gaussian_noise_r0.1_s20_0407_1047,fixmatch,cifar10,FixMatch OOD-type sweep (6 OOD sources × r × seeds),,0h 45m 32s,2732,0.758889
ood_gaussian_noise_r0.1_s30_0407_1132,fixmatch,cifar10,FixMatch OOD-type sweep (6 OOD sources × r × seeds),,0h 45m 43s,2743,0.761944
ood_gaussian_noise_r0.1_s40_0407_1218,fixmatch,cifar10,FixMatch OOD-type sweep (6 OOD sources × r × seeds),,0h 45m 39s,2739,0.760833
ood_gaussian_noise_r0.2_s0_0408_0752,fixmatch,cifar10,FixMatch OOD-type sweep (6 OOD sources × r × seeds),,0h 45m 48s,2748,0.763333
ood_gaussian_noise_r0.2_s10_0408_0838,fixmatch,cifar10,FixMatch OOD-type sweep (6 OOD sources × r × seeds),,0h 45m 39s,2739,0.760833
ood_gaussian_noise_r0.2_s20_0408_0924,fixmatch,cifar10,FixMatch OOD-type sweep (6 OOD sources × r × seeds),,0h 45m 46s,2746,0.762778
ood_gaussian_noise_r0.2_s30_0408_1009,fixmatch,cifar10,FixMatch OOD-type sweep (6 OOD sources × r × seeds),,0h 45m 37s,2737,0.760278
ood_gaussian_noise_r0.2_s40_0408_1055,fixmatch,cifar10,FixMatch OOD-type sweep (6 OOD sources × r × seeds),,0h 45m 35s,2735,0.759722
ood_gaussian_noise_r0.3_s0_0409_0630,fixmatch,cifar10,FixMatch OOD-type sweep (6 OOD sources × r × seeds),,0h 45m 36s,2736,0.76
ood_gaussian_noise_r0.3_s10_0409_0716,fixmatch,cifar10,FixMatch OOD-type sweep (6 OOD sources × r × seeds),,0h 45m 38s,2738,0.760556
ood_gaussian_noise_r0.3_s20_0409_0802,fixmatch,cifar10,FixMatch OOD-type sweep (6 OOD sources × r × seeds),,0h 45m 34s,2734,0.759444
ood_gaussian_noise_r0.3_s30_0409_0847,fixmatch,cifar10,FixMatch OOD-type sweep (6 OOD sources × r × seeds),,0h 45m 39s,2739,0.760833
ood_gaussian_noise_r0.3_s40_0409_0933,fixmatch,cifar10,FixMatch OOD-type sweep (6 OOD sources × r × seeds),,0h 45m 33s,2733,0.759167
ood_gaussian_noise_r0.4_s0_0410_0501,fixmatch,cifar10,FixMatch OOD-type sweep (6 OOD sources × r × seeds),,0h 45m 34s,2734,0.759444
ood_gaussian_noise_r0.4_s10_0410_0547,fixmatch,cifar10,FixMatch OOD-type sweep (6 OOD sources × r × seeds),,0h 45m 46s,2746,0.762778
ood_gaussian_noise_r0.4_s20_0410_0633,fixmatch,cifar10,FixMatch OOD-type sweep (6 OOD sources × r × seeds),,0h 45m 25s,2725,0.756944
ood_gaussian_noise_r0.4_s30_0410_0718,fixmatch,cifar10,FixMatch OOD-type sweep (6 OOD sources × r × seeds),,0h 45m 43s,2743,0.761944
ood_gaussian_noise_r0.4_s40_0410_0804,fixmatch,cifar10,FixMatch OOD-type sweep (6 OOD sources × r × seeds),,0h 45m 39s,2739,0.760833
ood_gaussian_noise_r0.5_s0_0411_0333,fixmatch,cifar10,FixMatch OOD-type sweep (6 OOD sources × r × seeds),,0h 45m 27s,2727,0.7575
ood_gaussian_noise_r0.5_s10_0411_0418,fixmatch,cifar10,FixMatch OOD-type sweep (6 OOD sources × r × seeds),,0h 45m 39s,2739,0.760833
ood_gaussian_noise_r0.5_s20_0411_0504,fixmatch,cifar10,FixMatch OOD-type sweep (6 OOD sources × r × seeds),,0h 45m 40s,2740,0.761111
ood_gaussian_noise_r0.5_s30_0411_0549,fixmatch,cifar10,FixMatch OOD-type sweep (6 OOD sources × r × seeds),,0h 45m 31s,2731,0.758611
ood_gaussian_noise_r0.5_s40_0411_0635,fixmatch,cifar10,FixMatch OOD-type sweep (6 OOD sources × r × seeds),,0h 45m 37s,2737,0.760278
ood_mnist_r0.1_s0_0406_2149,fixmatch,cifar10,FixMatch OOD-type sweep (6 OOD sources × r × seeds),,0h 45m 27s,2727,0.7575
ood_mnist_r0.1_s10_0406_2234,fixmatch,cifar10,FixMatch OOD-type sweep (6 OOD sources × r × seeds),,0h 45m 41s,2741,0.761389
ood_mnist_r0.1_s20_0406_2320,fixmatch,cifar10,FixMatch OOD-type sweep (6 OOD sources × r × seeds),,0h 45m 29s,2729,0.758056
ood_mnist_r0.1_s30_0407_0006,fixmatch,cifar10,FixMatch OOD-type sweep (6 OOD sources × r × seeds),,0h 45m 37s,2737,0.760278
ood_mnist_r0.1_s40_0407_0051,fixmatch,cifar10,FixMatch OOD-type sweep (6 OOD sources × r × seeds),,0h 45m 30s,2730,0.758333
ood_mnist_r0.2_s0_0407_2025,fixmatch,cifar10,FixMatch OOD-type sweep (6 OOD sources × r × seeds),,0h 45m 31s,2731,0.758611
ood_mnist_r0.2_s10_0407_2111,fixmatch,cifar10,FixMatch OOD-type sweep (6 OOD sources × r × seeds),,0h 45m 29s,2729,0.758056
ood_mnist_r0.2_s20_0407_2156,fixmatch,cifar10,FixMatch OOD-type sweep (6 OOD sources × r × seeds),,0h 45m 46s,2746,0.762778
ood_mnist_r0.2_s30_0407_2242,fixmatch,cifar10,FixMatch OOD-type sweep (6 OOD sources × r × seeds),,0h 45m 27s,2727,0.7575
ood_mnist_r0.2_s40_0407_2327,fixmatch,cifar10,FixMatch OOD-type sweep (6 OOD sources × r × seeds),,0h 45m 40s,2740,0.761111
ood_mnist_r0.3_s0_0408_1902,fixmatch,cifar10,FixMatch OOD-type sweep (6 OOD sources × r × seeds),,0h 45m 54s,2754,0.765
ood_mnist_r0.3_s10_0408_1948,fixmatch,cifar10,FixMatch OOD-type sweep (6 OOD sources × r × seeds),,0h 45m 27s,2727,0.7575
ood_mnist_r0.3_s20_0408_2033,fixmatch,cifar10,FixMatch OOD-type sweep (6 OOD sources × r × seeds),,0h 45m 52s,2752,0.764444
ood_mnist_r0.3_s30_0408_2119,fixmatch,cifar10,FixMatch OOD-type sweep (6 OOD sources × r × seeds),,0h 45m 36s,2736,0.76
ood_mnist_r0.3_s40_0408_2205,fixmatch,cifar10,FixMatch OOD-type sweep (6 OOD sources × r × seeds),,0h 45m 32s,2732,0.758889
ood_mnist_r0.4_s0_0409_1734,fixmatch,cifar10,FixMatch OOD-type sweep (6 OOD sources × r × seeds),,0h 45m 40s,2740,0.761111
ood_mnist_r0.4_s10_0409_1820,fixmatch,cifar10,FixMatch OOD-type sweep (6 OOD sources × r × seeds),,0h 45m 38s,2738,0.760556
ood_mnist_r0.4_s20_0409_1906,fixmatch,cifar10,FixMatch OOD-type sweep (6 OOD sources × r × seeds),,0h 45m 31s,2731,0.758611
ood_mnist_r0.4_s30_0409_1951,fixmatch,cifar10,FixMatch OOD-type sweep (6 OOD sources × r × seeds),,0h 45m 36s,2736,0.76
ood_mnist_r0.4_s40_0409_2037,fixmatch,cifar10,FixMatch OOD-type sweep (6 OOD sources × r × seeds),,0h 45m 31s,2731,0.758611
ood_mnist_r0.5_s0_0410_1605,fixmatch,cifar10,FixMatch OOD-type sweep (6 OOD sources × r × seeds),,0h 45m 34s,2734,0.759444
ood_mnist_r0.5_s10_0410_1650,fixmatch,cifar10,FixMatch OOD-type sweep (6 OOD sources × r × seeds),,0h 45m 40s,2740,0.761111
ood_mnist_r0.5_s20_0410_1736,fixmatch,cifar10,FixMatch OOD-type sweep (6 OOD sources × r × seeds),,0h 45m 41s,2741,0.761389
ood_mnist_r0.5_s30_0410_1821,fixmatch,cifar10,FixMatch OOD-type sweep (6 OOD sources × r × seeds),,0h 45m 30s,2730,0.758333
ood_mnist_r0.5_s40_0410_1907,fixmatch,cifar10,FixMatch OOD-type sweep (6 OOD sources × r × seeds),,0h 45m 37s,2737,0.760278
ood_stl10_r0.1_s0_0407_0137,fixmatch,cifar10,FixMatch OOD-type sweep (6 OOD sources × r × seeds),,0h 45m 38s,2738,0.760556
ood_stl10_r0.1_s10_0407_0222,fixmatch,cifar10,FixMatch OOD-type sweep (6 OOD sources × r × seeds),,0h 45m 51s,2751,0.764167
ood_stl10_r0.1_s20_0407_0308,fixmatch,cifar10,FixMatch OOD-type sweep (6 OOD sources × r × seeds),,0h 45m 55s,2755,0.765278
ood_stl10_r0.1_s30_0407_0354,fixmatch,cifar10,FixMatch OOD-type sweep (6 OOD sources × r × seeds),,0h 45m 48s,2748,0.763333
ood_stl10_r0.1_s40_0407_0440,fixmatch,cifar10,FixMatch OOD-type sweep (6 OOD sources × r × seeds),,0h 46m 0s,2760,0.766667
ood_stl10_r0.2_s0_0408_0013,fixmatch,cifar10,FixMatch OOD-type sweep (6 OOD sources × r × seeds),,0h 45m 55s,2755,0.765278
ood_stl10_r0.2_s10_0408_0059,fixmatch,cifar10,FixMatch OOD-type sweep (6 OOD sources × r × seeds),,0h 45m 54s,2754,0.765
ood_stl10_r0.2_s20_0408_0145,fixmatch,cifar10,FixMatch OOD-type sweep (6 OOD sources × r × seeds),,0h 46m 10s,2770,0.769444
ood_stl10_r0.2_s30_0408_0231,fixmatch,cifar10,FixMatch OOD-type sweep (6 OOD sources × r × seeds),,0h 45m 55s,2755,0.765278
ood_stl10_r0.2_s40_0408_0317,fixmatch,cifar10,FixMatch OOD-type sweep (6 OOD sources × r × seeds),,0h 45m 59s,2759,0.766389
ood_stl10_r0.3_s0_0408_2251,fixmatch,cifar10,FixMatch OOD-type sweep (6 OOD sources × r × seeds),,0h 46m 0s,2760,0.766667
ood_stl10_r0.3_s10_0408_2337,fixmatch,cifar10,FixMatch OOD-type sweep (6 OOD sources × r × seeds),,0h 46m 6s,2766,0.768333
ood_stl10_r0.3_s20_0409_0023,fixmatch,cifar10,FixMatch OOD-type sweep (6 OOD sources × r × seeds),,0h 45m 49s,2749,0.763611
ood_stl10_r0.3_s30_0409_0108,fixmatch,cifar10,FixMatch OOD-type sweep (6 OOD sources × r × seeds),,0h 46m 1s,2761,0.766944
ood_stl10_r0.3_s40_0409_0155,fixmatch,cifar10,FixMatch OOD-type sweep (6 OOD sources × r × seeds),,0h 46m 0s,2760,0.766667
ood_stl10_r0.4_s0_0409_2122,fixmatch,cifar10,FixMatch OOD-type sweep (6 OOD sources × r × seeds),,0h 45m 45s,2745,0.7625
ood_stl10_r0.4_s10_0409_2208,fixmatch,cifar10,FixMatch OOD-type sweep (6 OOD sources × r × seeds),,0h 45m 56s,2756,0.765556
ood_stl10_r0.4_s20_0409_2254,fixmatch,cifar10,FixMatch OOD-type sweep (6 OOD sources × r × seeds),,0h 45m 49s,2749,0.763611
ood_stl10_r0.4_s30_0409_2340,fixmatch,cifar10,FixMatch OOD-type sweep (6 OOD sources × r × seeds),,0h 45m 55s,2755,0.765278
ood_stl10_r0.4_s40_0410_0026,fixmatch,cifar10,FixMatch OOD-type sweep (6 OOD sources × r × seeds),,0h 45m 49s,2749,0.763611
ood_stl10_r0.5_s0_0410_1953,fixmatch,cifar10,FixMatch OOD-type sweep (6 OOD sources × r × seeds),,0h 45m 46s,2746,0.762778
ood_stl10_r0.5_s10_0410_2038,fixmatch,cifar10,FixMatch OOD-type sweep (6 OOD sources × r × seeds),,0h 46m 27s,2787,0.774167
ood_stl10_r0.5_s20_0410_2125,fixmatch,cifar10,FixMatch OOD-type sweep (6 OOD sources × r × seeds),,0h 45m 52s,2752,0.764444
ood_stl10_r0.5_s30_0410_2211,fixmatch,cifar10,FixMatch OOD-type sweep (6 OOD sources × r × seeds),,0h 46m 2s,2762,0.767222
ood_stl10_r0.5_s40_0410_2257,fixmatch,cifar10,FixMatch OOD-type sweep (6 OOD sources × r × seeds),,0h 45m 49s,2749,0.763611
ood_svhn_r0.0_s0_0406_1043,fixmatch,cifar10,FixMatch OOD-type sweep (6 OOD sources × r × seeds),,0h 43m 51s,2631,0.730833
ood_svhn_r0.0_s10_0406_1126,fixmatch,cifar10,FixMatch OOD-type sweep (6 OOD sources × r × seeds),,0h 43m 56s,2636,0.732222
ood_svhn_r0.0_s20_0406_1210,fixmatch,cifar10,FixMatch OOD-type sweep (6 OOD sources × r × seeds),,0h 44m 9s,2649,0.735833
ood_svhn_r0.0_s30_0406_1255,fixmatch,cifar10,FixMatch OOD-type sweep (6 OOD sources × r × seeds),,0h 44m 2s,2642,0.733889
ood_svhn_r0.0_s40_0406_1339,fixmatch,cifar10,FixMatch OOD-type sweep (6 OOD sources × r × seeds),,0h 44m 36s,2676,0.743333
ood_svhn_r0.1_s0_0406_1423,fixmatch,cifar10,FixMatch OOD-type sweep (6 OOD sources × r × seeds),,0h 44m 27s,2667,0.740833
ood_svhn_r0.1_s10_0406_1508,fixmatch,cifar10,FixMatch OOD-type sweep (6 OOD sources × r × seeds),,0h 44m 45s,2685,0.745833
ood_svhn_r0.1_s20_0406_1552,fixmatch,cifar10,FixMatch OOD-type sweep (6 OOD sources × r × seeds),,0h 44m 31s,2671,0.741944
ood_svhn_r0.1_s30_0406_1637,fixmatch,cifar10,FixMatch OOD-type sweep (6 OOD sources × r × seeds),,0h 44m 44s,2684,0.745556
ood_svhn_r0.1_s40_0406_1722,fixmatch,cifar10,FixMatch OOD-type sweep (6 OOD sources × r × seeds),,0h 44m 25s,2665,0.740278
ood_svhn_r0.2_s0_0407_1304,fixmatch,cifar10,FixMatch OOD-type sweep (6 OOD sources × r × seeds),,0h 44m 10s,2650,0.736111
ood_svhn_r0.2_s10_0407_1348,fixmatch,cifar10,FixMatch OOD-type sweep (6 OOD sources × r × seeds),,0h 43m 47s,2627,0.729722
ood_svhn_r0.2_s20_0407_1432,fixmatch,cifar10,FixMatch OOD-type sweep (6 OOD sources × r × seeds),,0h 43m 57s,2637,0.7325
ood_svhn_r0.2_s30_0407_1516,fixmatch,cifar10,FixMatch OOD-type sweep (6 OOD sources × r × seeds),,0h 44m 8s,2648,0.735556
ood_svhn_r0.2_s40_0407_1600,fixmatch,cifar10,FixMatch OOD-type sweep (6 OOD sources × r × seeds),,0h 44m 51s,2691,0.7475
ood_svhn_r0.3_s0_0408_1141,fixmatch,cifar10,FixMatch OOD-type sweep (6 OOD sources × r × seeds),,0h 44m 27s,2667,0.740833
ood_svhn_r0.3_s10_0408_1225,fixmatch,cifar10,FixMatch OOD-type sweep (6 OOD sources × r × seeds),,0h 44m 22s,2662,0.739444
ood_svhn_r0.3_s20_0408_1309,fixmatch,cifar10,FixMatch OOD-type sweep (6 OOD sources × r × seeds),,0h 43m 59s,2639,0.733056
ood_svhn_r0.3_s30_0408_1353,fixmatch,cifar10,FixMatch OOD-type sweep (6 OOD sources × r × seeds),,0h 44m 14s,2654,0.737222
ood_svhn_r0.3_s40_0408_1438,fixmatch,cifar10,FixMatch OOD-type sweep (6 OOD sources × r × seeds),,0h 44m 39s,2679,0.744167
ood_svhn_r0.4_s0_0409_1018,fixmatch,cifar10,FixMatch OOD-type sweep (6 OOD sources × r × seeds),,0h 43m 36s,2616,0.726667
ood_svhn_r0.4_s10_0409_1102,fixmatch,cifar10,FixMatch OOD-type sweep (6 OOD sources × r × seeds),,0h 43m 49s,2629,0.730278
ood_svhn_r0.4_s20_0409_1146,fixmatch,cifar10,FixMatch OOD-type sweep (6 OOD sources × r × seeds),,0h 43m 9s,2589,0.719167
ood_svhn_r0.4_s30_0409_1229,fixmatch,cifar10,FixMatch OOD-type sweep (6 OOD sources × r × seeds),,0h 42m 40s,2560,0.711111
ood_svhn_r0.4_s40_0409_1312,fixmatch,cifar10,FixMatch OOD-type sweep (6 OOD sources × r × seeds),,0h 43m 31s,2611,0.725278
ood_svhn_r0.5_s0_0410_0850,fixmatch,cifar10,FixMatch OOD-type sweep (6 OOD sources × r × seeds),,0h 43m 19s,2599,0.721944
ood_svhn_r0.5_s10_0410_0933,fixmatch,cifar10,FixMatch OOD-type sweep (6 OOD sources × r × seeds),,0h 43m 48s,2628,0.73
ood_svhn_r0.5_s20_0410_1017,fixmatch,cifar10,FixMatch OOD-type sweep (6 OOD sources × r × seeds),,0h 42m 51s,2571,0.714167
ood_svhn_r0.5_s30_0410_1100,fixmatch,cifar10,FixMatch OOD-type sweep (6 OOD sources × r × seeds),,0h 43m 35s,2615,0.726389
ood_svhn_r0.5_s40_0410_1143,fixmatch,cifar10,FixMatch OOD-type sweep (6 OOD sources × r × seeds),,0h 43m 24s,2604,0.723333
ood_textures_r0.1_s0_0407_0526,fixmatch,cifar10,FixMatch OOD-type sweep (6 OOD sources × r × seeds),,0h 45m 58s,2758,0.766111
ood_textures_r0.1_s10_0407_0612,fixmatch,cifar10,FixMatch OOD-type sweep (6 OOD sources × r × seeds),,0h 45m 46s,2746,0.762778
ood_textures_r0.1_s20_0407_0658,fixmatch,cifar10,FixMatch OOD-type sweep (6 OOD sources × r × seeds),,0h 45m 59s,2759,0.766389
ood_textures_r0.1_s30_0407_0744,fixmatch,cifar10,FixMatch OOD-type sweep (6 OOD sources × r × seeds),,0h 45m 52s,2752,0.764444
ood_textures_r0.1_s40_0407_0830,fixmatch,cifar10,FixMatch OOD-type sweep (6 OOD sources × r × seeds),,0h 45m 53s,2753,0.764722
ood_textures_r0.2_s0_0408_0403,fixmatch,cifar10,FixMatch OOD-type sweep (6 OOD sources × r × seeds),,0h 45m 57s,2757,0.765833
ood_textures_r0.2_s10_0408_0449,fixmatch,cifar10,FixMatch OOD-type sweep (6 OOD sources × r × seeds),,0h 45m 37s,2737,0.760278
ood_textures_r0.2_s20_0408_0535,fixmatch,cifar10,FixMatch OOD-type sweep (6 OOD sources × r × seeds),,0h 45m 48s,2748,0.763333
ood_textures_r0.2_s30_0408_0620,fixmatch,cifar10,FixMatch OOD-type sweep (6 OOD sources × r × seeds),,0h 45m 45s,2745,0.7625
ood_textures_r0.2_s40_0408_0706,fixmatch,cifar10,FixMatch OOD-type sweep (6 OOD sources × r × seeds),,0h 45m 54s,2754,0.765
ood_textures_r0.3_s0_0409_0241,fixmatch,cifar10,FixMatch OOD-type sweep (6 OOD sources × r × seeds),,0h 45m 56s,2756,0.765556
ood_textures_r0.3_s10_0409_0326,fixmatch,cifar10,FixMatch OOD-type sweep (6 OOD sources × r × seeds),,0h 45m 52s,2752,0.764444
ood_textures_r0.3_s20_0409_0412,fixmatch,cifar10,FixMatch OOD-type sweep (6 OOD sources × r × seeds),,0h 46m 5s,2765,0.768056
ood_textures_r0.3_s30_0409_0458,fixmatch,cifar10,FixMatch OOD-type sweep (6 OOD sources × r × seeds),,0h 46m 3s,2763,0.7675
ood_textures_r0.3_s40_0409_0545,fixmatch,cifar10,FixMatch OOD-type sweep (6 OOD sources × r × seeds),,0h 45m 48s,2748,0.763333
ood_textures_r0.4_s0_0410_0112,fixmatch,cifar10,FixMatch OOD-type sweep (6 OOD sources × r × seeds),,0h 45m 56s,2756,0.765556
ood_textures_r0.4_s10_0410_0157,fixmatch,cifar10,FixMatch OOD-type sweep (6 OOD sources × r × seeds),,0h 45m 43s,2743,0.761944
ood_textures_r0.4_s20_0410_0243,fixmatch,cifar10,FixMatch OOD-type sweep (6 OOD sources × r × seeds),,0h 46m 11s,2771,0.769722
ood_textures_r0.4_s30_0410_0329,fixmatch,cifar10,FixMatch OOD-type sweep (6 OOD sources × r × seeds),,0h 46m 10s,2770,0.769444
ood_textures_r0.4_s40_0410_0416,fixmatch,cifar10,FixMatch OOD-type sweep (6 OOD sources × r × seeds),,0h 45m 51s,2751,0.764167
ood_textures_r0.5_s0_0410_2343,fixmatch,cifar10,FixMatch OOD-type sweep (6 OOD sources × r × seeds),,0h 45m 55s,2755,0.765278
ood_textures_r0.5_s10_0411_0029,fixmatch,cifar10,FixMatch OOD-type sweep (6 OOD sources × r × seeds),,0h 45m 53s,2753,0.764722
ood_textures_r0.5_s20_0411_0114,fixmatch,cifar10,FixMatch OOD-type sweep (6 OOD sources × r × seeds),,0h 46m 4s,2764,0.767778
ood_textures_r0.5_s30_0411_0201,fixmatch,cifar10,FixMatch OOD-type sweep (6 OOD sources × r × seeds),,0h 45m 56s,2756,0.765556
ood_textures_r0.5_s40_0411_0246,fixmatch,cifar10,FixMatch OOD-type sweep (6 OOD sources × r × seeds),,0h 46m 7s,2767,0.768611
alg_flexmatch_cifar100_r0.1_s0_0406_1445,flexmatch,cifar10,FlexMatch algorithm sweep (6 OOD sources × r × seeds),,0h 46m 3s,2763,0.7675
alg_flexmatch_cifar100_r0.1_s10_0406_1531,flexmatch,cifar10,FlexMatch algorithm sweep (6 OOD sources × r × seeds),,0h 45m 53s,2753,0.764722
alg_flexmatch_cifar100_r0.1_s20_0406_1617,flexmatch,cifar10,FlexMatch algorithm sweep (6 OOD sources × r × seeds),,0h 45m 51s,2751,0.764167
alg_flexmatch_cifar100_r0.1_s30_0406_1702,flexmatch,cifar10,FlexMatch algorithm sweep (6 OOD sources × r × seeds),,0h 45m 54s,2754,0.765
alg_flexmatch_cifar100_r0.1_s40_0406_1748,flexmatch,cifar10,FlexMatch algorithm sweep (6 OOD sources × r × seeds),,0h 45m 57s,2757,0.765833
alg_flexmatch_cifar100_r0.2_s0_0407_1348,flexmatch,cifar10,FlexMatch algorithm sweep (6 OOD sources × r × seeds),,0h 45m 52s,2752,0.764444
alg_flexmatch_cifar100_r0.2_s10_0407_1434,flexmatch,cifar10,FlexMatch algorithm sweep (6 OOD sources × r × seeds),,0h 45m 52s,2752,0.764444
alg_flexmatch_cifar100_r0.2_s20_0407_1520,flexmatch,cifar10,FlexMatch algorithm sweep (6 OOD sources × r × seeds),,0h 45m 49s,2749,0.763611
alg_flexmatch_cifar100_r0.2_s30_0407_1606,flexmatch,cifar10,FlexMatch algorithm sweep (6 OOD sources × r × seeds),,0h 45m 52s,2752,0.764444
alg_flexmatch_cifar100_r0.2_s40_0407_1652,flexmatch,cifar10,FlexMatch algorithm sweep (6 OOD sources × r × seeds),,0h 45m 53s,2753,0.764722
alg_flexmatch_cifar100_r0.3_s0_0408_1245,flexmatch,cifar10,FlexMatch algorithm sweep (6 OOD sources × r × seeds),,0h 45m 52s,2752,0.764444
alg_flexmatch_cifar100_r0.3_s10_0408_1331,flexmatch,cifar10,FlexMatch algorithm sweep (6 OOD sources × r × seeds),,0h 45m 52s,2752,0.764444
alg_flexmatch_cifar100_r0.3_s20_0408_1417,flexmatch,cifar10,FlexMatch algorithm sweep (6 OOD sources × r × seeds),,0h 45m 50s,2750,0.763889
alg_flexmatch_cifar100_r0.3_s30_0408_1502,flexmatch,cifar10,FlexMatch algorithm sweep (6 OOD sources × r × seeds),,0h 45m 53s,2753,0.764722
alg_flexmatch_cifar100_r0.3_s40_0408_1548,flexmatch,cifar10,FlexMatch algorithm sweep (6 OOD sources × r × seeds),,0h 45m 55s,2755,0.765278
alg_flexmatch_cifar100_r0.4_s0_0409_1141,flexmatch,cifar10,FlexMatch algorithm sweep (6 OOD sources × r × seeds),,0h 45m 50s,2750,0.763889
alg_flexmatch_cifar100_r0.4_s10_0409_1227,flexmatch,cifar10,FlexMatch algorithm sweep (6 OOD sources × r × seeds),,0h 45m 50s,2750,0.763889
alg_flexmatch_cifar100_r0.4_s20_0409_1313,flexmatch,cifar10,FlexMatch algorithm sweep (6 OOD sources × r × seeds),,0h 45m 47s,2747,0.763056
alg_flexmatch_cifar100_r0.4_s30_0409_1359,flexmatch,cifar10,FlexMatch algorithm sweep (6 OOD sources × r × seeds),,0h 45m 53s,2753,0.764722
alg_flexmatch_cifar100_r0.4_s40_0409_1444,flexmatch,cifar10,FlexMatch algorithm sweep (6 OOD sources × r × seeds),,0h 45m 52s,2752,0.764444
alg_flexmatch_cifar100_r0.5_s0_0410_1036,flexmatch,cifar10,FlexMatch algorithm sweep (6 OOD sources × r × seeds),,0h 45m 46s,2746,0.762778
alg_flexmatch_cifar100_r0.5_s10_0410_1122,flexmatch,cifar10,FlexMatch algorithm sweep (6 OOD sources × r × seeds),,0h 45m 46s,2746,0.762778
alg_flexmatch_cifar100_r0.5_s20_0410_1208,flexmatch,cifar10,FlexMatch algorithm sweep (6 OOD sources × r × seeds),,0h 45m 44s,2744,0.762222
alg_flexmatch_cifar100_r0.5_s30_0410_1253,flexmatch,cifar10,FlexMatch algorithm sweep (6 OOD sources × r × seeds),,0h 45m 46s,2746,0.762778
alg_flexmatch_cifar100_r0.5_s40_0410_1339,flexmatch,cifar10,FlexMatch algorithm sweep (6 OOD sources × r × seeds),,0h 45m 47s,2747,0.763056
alg_flexmatch_gaussian_noise_r0.1_s0_0407_0610,flexmatch,cifar10,FlexMatch algorithm sweep (6 OOD sources × r × seeds),,0h 45m 42s,2742,0.761667
alg_flexmatch_gaussian_noise_r0.1_s10_0407_0656,flexmatch,cifar10,FlexMatch algorithm sweep (6 OOD sources × r × seeds),,0h 45m 44s,2744,0.762222
alg_flexmatch_gaussian_noise_r0.1_s20_0407_0741,flexmatch,cifar10,FlexMatch algorithm sweep (6 OOD sources × r × seeds),,0h 45m 40s,2740,0.761111
alg_flexmatch_gaussian_noise_r0.1_s30_0407_0827,flexmatch,cifar10,FlexMatch algorithm sweep (6 OOD sources × r × seeds),,0h 45m 42s,2742,0.761667
alg_flexmatch_gaussian_noise_r0.1_s40_0407_0913,flexmatch,cifar10,FlexMatch algorithm sweep (6 OOD sources × r × seeds),,0h 45m 46s,2746,0.762778
alg_flexmatch_gaussian_noise_r0.2_s0_0408_0507,flexmatch,cifar10,FlexMatch algorithm sweep (6 OOD sources × r × seeds),,0h 45m 43s,2743,0.761944
alg_flexmatch_gaussian_noise_r0.2_s10_0408_0552,flexmatch,cifar10,FlexMatch algorithm sweep (6 OOD sources × r × seeds),,0h 45m 43s,2743,0.761944
alg_flexmatch_gaussian_noise_r0.2_s20_0408_0638,flexmatch,cifar10,FlexMatch algorithm sweep (6 OOD sources × r × seeds),,0h 45m 40s,2740,0.761111
alg_flexmatch_gaussian_noise_r0.2_s30_0408_0724,flexmatch,cifar10,FlexMatch algorithm sweep (6 OOD sources × r × seeds),,0h 45m 43s,2743,0.761944
alg_flexmatch_gaussian_noise_r0.2_s40_0408_0810,flexmatch,cifar10,FlexMatch algorithm sweep (6 OOD sources × r × seeds),,0h 45m 44s,2744,0.762222
alg_flexmatch_gaussian_noise_r0.3_s0_0409_0403,flexmatch,cifar10,FlexMatch algorithm sweep (6 OOD sources × r × seeds),,0h 45m 42s,2742,0.761667
alg_flexmatch_gaussian_noise_r0.3_s10_0409_0449,flexmatch,cifar10,FlexMatch algorithm sweep (6 OOD sources × r × seeds),,0h 45m 40s,2740,0.761111
alg_flexmatch_gaussian_noise_r0.3_s20_0409_0535,flexmatch,cifar10,FlexMatch algorithm sweep (6 OOD sources × r × seeds),,0h 45m 39s,2739,0.760833
alg_flexmatch_gaussian_noise_r0.3_s30_0409_0620,flexmatch,cifar10,FlexMatch algorithm sweep (6 OOD sources × r × seeds),,0h 45m 41s,2741,0.761389
alg_flexmatch_gaussian_noise_r0.3_s40_0409_0706,flexmatch,cifar10,FlexMatch algorithm sweep (6 OOD sources × r × seeds),,0h 45m 44s,2744,0.762222
alg_flexmatch_gaussian_noise_r0.4_s0_0410_0259,flexmatch,cifar10,FlexMatch algorithm sweep (6 OOD sources × r × seeds),,0h 45m 35s,2735,0.759722
alg_flexmatch_gaussian_noise_r0.4_s10_0410_0345,flexmatch,cifar10,FlexMatch algorithm sweep (6 OOD sources × r × seeds),,0h 45m 34s,2734,0.759444
alg_flexmatch_gaussian_noise_r0.4_s20_0410_0430,flexmatch,cifar10,FlexMatch algorithm sweep (6 OOD sources × r × seeds),,0h 45m 35s,2735,0.759722
alg_flexmatch_gaussian_noise_r0.4_s30_0410_0516,flexmatch,cifar10,FlexMatch algorithm sweep (6 OOD sources × r × seeds),,0h 45m 39s,2739,0.760833
alg_flexmatch_gaussian_noise_r0.4_s40_0410_0601,flexmatch,cifar10,FlexMatch algorithm sweep (6 OOD sources × r × seeds),,0h 45m 39s,2739,0.760833
alg_flexmatch_gaussian_noise_r0.5_s0_0411_0153,flexmatch,cifar10,FlexMatch algorithm sweep (6 OOD sources × r × seeds),,0h 45m 37s,2737,0.760278
alg_flexmatch_gaussian_noise_r0.5_s10_0411_0239,flexmatch,cifar10,FlexMatch algorithm sweep (6 OOD sources × r × seeds),,0h 45m 38s,2738,0.760556
alg_flexmatch_gaussian_noise_r0.5_s20_0411_0325,flexmatch,cifar10,FlexMatch algorithm sweep (6 OOD sources × r × seeds),,0h 45m 35s,2735,0.759722
alg_flexmatch_gaussian_noise_r0.5_s30_0411_0410,flexmatch,cifar10,FlexMatch algorithm sweep (6 OOD sources × r × seeds),,0h 45m 36s,2736,0.76
alg_flexmatch_gaussian_noise_r0.5_s40_0411_0456,flexmatch,cifar10,FlexMatch algorithm sweep (6 OOD sources × r × seeds),,0h 45m 39s,2739,0.760833
alg_flexmatch_mnist_r0.1_s0_0406_1834,flexmatch,cifar10,FlexMatch algorithm sweep (6 OOD sources × r × seeds),,0h 45m 57s,2757,0.765833
alg_flexmatch_mnist_r0.1_s10_0406_1920,flexmatch,cifar10,FlexMatch algorithm sweep (6 OOD sources × r × seeds),,0h 45m 43s,2743,0.761944
alg_flexmatch_mnist_r0.1_s20_0406_2006,flexmatch,cifar10,FlexMatch algorithm sweep (6 OOD sources × r × seeds),,0h 45m 42s,2742,0.761667
alg_flexmatch_mnist_r0.1_s30_0406_2052,flexmatch,cifar10,FlexMatch algorithm sweep (6 OOD sources × r × seeds),,0h 45m 43s,2743,0.761944
alg_flexmatch_mnist_r0.1_s40_0406_2137,flexmatch,cifar10,FlexMatch algorithm sweep (6 OOD sources × r × seeds),,0h 45m 45s,2745,0.7625
alg_flexmatch_mnist_r0.2_s0_0407_1738,flexmatch,cifar10,FlexMatch algorithm sweep (6 OOD sources × r × seeds),,0h 45m 39s,2739,0.760833
alg_flexmatch_mnist_r0.2_s10_0407_1823,flexmatch,cifar10,FlexMatch algorithm sweep (6 OOD sources × r × seeds),,0h 45m 38s,2738,0.760556
alg_flexmatch_mnist_r0.2_s20_0407_1909,flexmatch,cifar10,FlexMatch algorithm sweep (6 OOD sources × r × seeds),,0h 45m 37s,2737,0.760278
alg_flexmatch_mnist_r0.2_s30_0407_1955,flexmatch,cifar10,FlexMatch algorithm sweep (6 OOD sources × r × seeds),,0h 45m 39s,2739,0.760833
alg_flexmatch_mnist_r0.2_s40_0407_2040,flexmatch,cifar10,FlexMatch algorithm sweep (6 OOD sources × r × seeds),,0h 45m 40s,2740,0.761111
alg_flexmatch_mnist_r0.3_s0_0408_1634,flexmatch,cifar10,FlexMatch algorithm sweep (6 OOD sources × r × seeds),,0h 45m 41s,2741,0.761389
alg_flexmatch_mnist_r0.3_s10_0408_1720,flexmatch,cifar10,FlexMatch algorithm sweep (6 OOD sources × r × seeds),,0h 45m 41s,2741,0.761389
alg_flexmatch_mnist_r0.3_s20_0408_1806,flexmatch,cifar10,FlexMatch algorithm sweep (6 OOD sources × r × seeds),,0h 45m 38s,2738,0.760556
alg_flexmatch_mnist_r0.3_s30_0408_1851,flexmatch,cifar10,FlexMatch algorithm sweep (6 OOD sources × r × seeds),,0h 45m 39s,2739,0.760833
alg_flexmatch_mnist_r0.3_s40_0408_1937,flexmatch,cifar10,FlexMatch algorithm sweep (6 OOD sources × r × seeds),,0h 45m 43s,2743,0.761944
alg_flexmatch_mnist_r0.4_s0_0409_1530,flexmatch,cifar10,FlexMatch algorithm sweep (6 OOD sources × r × seeds),,0h 45m 39s,2739,0.760833
alg_flexmatch_mnist_r0.4_s10_0409_1616,flexmatch,cifar10,FlexMatch algorithm sweep (6 OOD sources × r × seeds),,0h 45m 40s,2740,0.761111
alg_flexmatch_mnist_r0.4_s20_0409_1702,flexmatch,cifar10,FlexMatch algorithm sweep (6 OOD sources × r × seeds),,0h 45m 36s,2736,0.76
alg_flexmatch_mnist_r0.4_s30_0409_1747,flexmatch,cifar10,FlexMatch algorithm sweep (6 OOD sources × r × seeds),,0h 45m 40s,2740,0.761111
alg_flexmatch_mnist_r0.4_s40_0409_1833,flexmatch,cifar10,FlexMatch algorithm sweep (6 OOD sources × r × seeds),,0h 45m 39s,2739,0.760833
alg_flexmatch_mnist_r0.5_s0_0410_1425,flexmatch,cifar10,FlexMatch algorithm sweep (6 OOD sources × r × seeds),,0h 45m 31s,2731,0.758611
alg_flexmatch_mnist_r0.5_s10_0410_1511,flexmatch,cifar10,FlexMatch algorithm sweep (6 OOD sources × r × seeds),,0h 45m 30s,2730,0.758333
alg_flexmatch_mnist_r0.5_s20_0410_1556,flexmatch,cifar10,FlexMatch algorithm sweep (6 OOD sources × r × seeds),,0h 45m 30s,2730,0.758333
alg_flexmatch_mnist_r0.5_s30_0410_1642,flexmatch,cifar10,FlexMatch algorithm sweep (6 OOD sources × r × seeds),,0h 45m 33s,2733,0.759167
alg_flexmatch_mnist_r0.5_s40_0410_1727,flexmatch,cifar10,FlexMatch algorithm sweep (6 OOD sources × r × seeds),,0h 45m 32s,2732,0.758889
alg_flexmatch_none_r0.0_s0_0406_0707,flexmatch,cifar10,FlexMatch algorithm sweep (6 OOD sources × r × seeds),,0h 45m 48s,2748,0.763333
alg_flexmatch_none_r0.0_s10_0406_0753,flexmatch,cifar10,FlexMatch algorithm sweep (6 OOD sources × r × seeds),,0h 45m 29s,2729,0.758056
alg_flexmatch_none_r0.0_s20_0406_0838,flexmatch,cifar10,FlexMatch algorithm sweep (6 OOD sources × r × seeds),,0h 45m 28s,2728,0.757778
alg_flexmatch_none_r0.0_s30_0406_0924,flexmatch,cifar10,FlexMatch algorithm sweep (6 OOD sources × r × seeds),,0h 45m 29s,2729,0.758056
alg_flexmatch_none_r0.0_s40_0406_1009,flexmatch,cifar10,FlexMatch algorithm sweep (6 OOD sources × r × seeds),,0h 45m 31s,2731,0.758611
alg_flexmatch_stl10_r0.1_s0_0406_2223,flexmatch,cifar10,FlexMatch algorithm sweep (6 OOD sources × r × seeds),,0h 52m 21s,3141,0.8725
alg_flexmatch_stl10_r0.1_s10_0406_2316,flexmatch,cifar10,FlexMatch algorithm sweep (6 OOD sources × r × seeds),,0h 46m 7s,2767,0.768611
alg_flexmatch_stl10_r0.1_s20_0407_0002,flexmatch,cifar10,FlexMatch algorithm sweep (6 OOD sources × r × seeds),,0h 46m 5s,2765,0.768056
alg_flexmatch_stl10_r0.1_s30_0407_0048,flexmatch,cifar10,FlexMatch algorithm sweep (6 OOD sources × r × seeds),,0h 46m 8s,2768,0.768889
alg_flexmatch_stl10_r0.1_s40_0407_0134,flexmatch,cifar10,FlexMatch algorithm sweep (6 OOD sources × r × seeds),,0h 46m 10s,2770,0.769444
alg_flexmatch_stl10_r0.2_s0_0407_2126,flexmatch,cifar10,FlexMatch algorithm sweep (6 OOD sources × r × seeds),,0h 46m 8s,2768,0.768889
alg_flexmatch_stl10_r0.2_s10_0407_2212,flexmatch,cifar10,FlexMatch algorithm sweep (6 OOD sources × r × seeds),,0h 46m 6s,2766,0.768333
alg_flexmatch_stl10_r0.2_s20_0407_2258,flexmatch,cifar10,FlexMatch algorithm sweep (6 OOD sources × r × seeds),,0h 46m 5s,2765,0.768056
alg_flexmatch_stl10_r0.2_s30_0407_2344,flexmatch,cifar10,FlexMatch algorithm sweep (6 OOD sources × r × seeds),,0h 46m 9s,2769,0.769167
alg_flexmatch_stl10_r0.2_s40_0408_0030,flexmatch,cifar10,FlexMatch algorithm sweep (6 OOD sources × r × seeds),,0h 46m 10s,2770,0.769444
alg_flexmatch_stl10_r0.3_s0_0408_2023,flexmatch,cifar10,FlexMatch algorithm sweep (6 OOD sources × r × seeds),,0h 46m 6s,2766,0.768333
alg_flexmatch_stl10_r0.3_s10_0408_2109,flexmatch,cifar10,FlexMatch algorithm sweep (6 OOD sources × r × seeds),,0h 46m 5s,2765,0.768056
alg_flexmatch_stl10_r0.3_s20_0408_2155,flexmatch,cifar10,FlexMatch algorithm sweep (6 OOD sources × r × seeds),,0h 46m 2s,2762,0.767222
alg_flexmatch_stl10_r0.3_s30_0408_2241,flexmatch,cifar10,FlexMatch algorithm sweep (6 OOD sources × r × seeds),,0h 46m 6s,2766,0.768333
alg_flexmatch_stl10_r0.3_s40_0408_2327,flexmatch,cifar10,FlexMatch algorithm sweep (6 OOD sources × r × seeds),,0h 46m 7s,2767,0.768611
alg_flexmatch_stl10_r0.4_s0_0409_1919,flexmatch,cifar10,FlexMatch algorithm sweep (6 OOD sources × r × seeds),,0h 46m 1s,2761,0.766944
alg_flexmatch_stl10_r0.4_s10_0409_2005,flexmatch,cifar10,FlexMatch algorithm sweep (6 OOD sources × r × seeds),,0h 46m 3s,2763,0.7675
alg_flexmatch_stl10_r0.4_s20_0409_2051,flexmatch,cifar10,FlexMatch algorithm sweep (6 OOD sources × r × seeds),,0h 46m 1s,2761,0.766944
alg_flexmatch_stl10_r0.4_s30_0409_2137,flexmatch,cifar10,FlexMatch algorithm sweep (6 OOD sources × r × seeds),,0h 46m 3s,2763,0.7675
alg_flexmatch_stl10_r0.4_s40_0409_2223,flexmatch,cifar10,FlexMatch algorithm sweep (6 OOD sources × r × seeds),,0h 46m 5s,2765,0.768056
alg_flexmatch_stl10_r0.5_s0_0410_1813,flexmatch,cifar10,FlexMatch algorithm sweep (6 OOD sources × r × seeds),,0h 46m 3s,2763,0.7675
alg_flexmatch_stl10_r0.5_s10_0410_1859,flexmatch,cifar10,FlexMatch algorithm sweep (6 OOD sources × r × seeds),,0h 46m 2s,2762,0.767222
alg_flexmatch_stl10_r0.5_s20_0410_1945,flexmatch,cifar10,FlexMatch algorithm sweep (6 OOD sources × r × seeds),,0h 45m 59s,2759,0.766389
alg_flexmatch_stl10_r0.5_s30_0410_2031,flexmatch,cifar10,FlexMatch algorithm sweep (6 OOD sources × r × seeds),,0h 46m 2s,2762,0.767222
alg_flexmatch_stl10_r0.5_s40_0410_2117,flexmatch,cifar10,FlexMatch algorithm sweep (6 OOD sources × r × seeds),,0h 46m 2s,2762,0.767222
alg_flexmatch_svhn_r0.1_s0_0406_1055,flexmatch,cifar10,FlexMatch algorithm sweep (6 OOD sources × r × seeds),,0h 46m 10s,2770,0.769444
alg_flexmatch_svhn_r0.1_s10_0406_1141,flexmatch,cifar10,FlexMatch algorithm sweep (6 OOD sources × r × seeds),,0h 45m 54s,2754,0.765
alg_flexmatch_svhn_r0.1_s20_0406_1227,flexmatch,cifar10,FlexMatch algorithm sweep (6 OOD sources × r × seeds),,0h 45m 54s,2754,0.765
alg_flexmatch_svhn_r0.1_s30_0406_1313,flexmatch,cifar10,FlexMatch algorithm sweep (6 OOD sources × r × seeds),,0h 45m 56s,2756,0.765556
alg_flexmatch_svhn_r0.1_s40_0406_1359,flexmatch,cifar10,FlexMatch algorithm sweep (6 OOD sources × r × seeds),,0h 45m 58s,2758,0.766111
alg_flexmatch_svhn_r0.2_s0_0407_0959,flexmatch,cifar10,FlexMatch algorithm sweep (6 OOD sources × r × seeds),,0h 45m 56s,2756,0.765556
alg_flexmatch_svhn_r0.2_s10_0407_1045,flexmatch,cifar10,FlexMatch algorithm sweep (6 OOD sources × r × seeds),,0h 45m 56s,2756,0.765556
alg_flexmatch_svhn_r0.2_s20_0407_1130,flexmatch,cifar10,FlexMatch algorithm sweep (6 OOD sources × r × seeds),,0h 45m 54s,2754,0.765
alg_flexmatch_svhn_r0.2_s30_0407_1216,flexmatch,cifar10,FlexMatch algorithm sweep (6 OOD sources × r × seeds),,0h 45m 57s,2757,0.765833
alg_flexmatch_svhn_r0.2_s40_0407_1302,flexmatch,cifar10,FlexMatch algorithm sweep (6 OOD sources × r × seeds),,0h 45m 58s,2758,0.766111
alg_flexmatch_svhn_r0.3_s0_0408_0855,flexmatch,cifar10,FlexMatch algorithm sweep (6 OOD sources × r × seeds),,0h 45m 52s,2752,0.764444
alg_flexmatch_svhn_r0.3_s10_0408_0941,flexmatch,cifar10,FlexMatch algorithm sweep (6 OOD sources × r × seeds),,0h 45m 53s,2753,0.764722
alg_flexmatch_svhn_r0.3_s20_0408_1027,flexmatch,cifar10,FlexMatch algorithm sweep (6 OOD sources × r × seeds),,0h 45m 51s,2751,0.764167
alg_flexmatch_svhn_r0.3_s30_0408_1113,flexmatch,cifar10,FlexMatch algorithm sweep (6 OOD sources × r × seeds),,0h 45m 55s,2755,0.765278
alg_flexmatch_svhn_r0.3_s40_0408_1159,flexmatch,cifar10,FlexMatch algorithm sweep (6 OOD sources × r × seeds),,0h 45m 55s,2755,0.765278
alg_flexmatch_svhn_r0.4_s0_0409_0752,flexmatch,cifar10,FlexMatch algorithm sweep (6 OOD sources × r × seeds),,0h 45m 51s,2751,0.764167
alg_flexmatch_svhn_r0.4_s10_0409_0838,flexmatch,cifar10,FlexMatch algorithm sweep (6 OOD sources × r × seeds),,0h 45m 52s,2752,0.764444
alg_flexmatch_svhn_r0.4_s20_0409_0923,flexmatch,cifar10,FlexMatch algorithm sweep (6 OOD sources × r × seeds),,0h 45m 49s,2749,0.763611
alg_flexmatch_svhn_r0.4_s30_0409_1009,flexmatch,cifar10,FlexMatch algorithm sweep (6 OOD sources × r × seeds),,0h 45m 53s,2753,0.764722
alg_flexmatch_svhn_r0.4_s40_0409_1055,flexmatch,cifar10,FlexMatch algorithm sweep (6 OOD sources × r × seeds),,0h 45m 53s,2753,0.764722
alg_flexmatch_svhn_r0.5_s0_0410_0647,flexmatch,cifar10,FlexMatch algorithm sweep (6 OOD sources × r × seeds),,0h 45m 48s,2748,0.763333
alg_flexmatch_svhn_r0.5_s10_0410_0733,flexmatch,cifar10,FlexMatch algorithm sweep (6 OOD sources × r × seeds),,0h 45m 49s,2749,0.763611
alg_flexmatch_svhn_r0.5_s20_0410_0819,flexmatch,cifar10,FlexMatch algorithm sweep (6 OOD sources × r × seeds),,0h 45m 48s,2748,0.763333
alg_flexmatch_svhn_r0.5_s30_0410_0905,flexmatch,cifar10,FlexMatch algorithm sweep (6 OOD sources × r × seeds),,0h 45m 47s,2747,0.763056
alg_flexmatch_svhn_r0.5_s40_0410_0950,flexmatch,cifar10,FlexMatch algorithm sweep (6 OOD sources × r × seeds),,0h 45m 48s,2748,0.763333
alg_flexmatch_textures_r0.1_s0_0407_0220,flexmatch,cifar10,FlexMatch algorithm sweep (6 OOD sources × r × seeds),,0h 46m 8s,2768,0.768889
alg_flexmatch_textures_r0.1_s10_0407_0306,flexmatch,cifar10,FlexMatch algorithm sweep (6 OOD sources × r × seeds),,0h 45m 56s,2756,0.765556
alg_flexmatch_textures_r0.1_s20_0407_0352,flexmatch,cifar10,FlexMatch algorithm sweep (6 OOD sources × r × seeds),,0h 45m 53s,2753,0.764722
alg_flexmatch_textures_r0.1_s30_0407_0438,flexmatch,cifar10,FlexMatch algorithm sweep (6 OOD sources × r × seeds),,0h 45m 53s,2753,0.764722
alg_flexmatch_textures_r0.1_s40_0407_0524,flexmatch,cifar10,FlexMatch algorithm sweep (6 OOD sources × r × seeds),,0h 45m 57s,2757,0.765833
alg_flexmatch_textures_r0.2_s0_0408_0117,flexmatch,cifar10,FlexMatch algorithm sweep (6 OOD sources × r × seeds),,0h 45m 59s,2759,0.766389
alg_flexmatch_textures_r0.2_s10_0408_0203,flexmatch,cifar10,FlexMatch algorithm sweep (6 OOD sources × r × seeds),,0h 45m 58s,2758,0.766111
alg_flexmatch_textures_r0.2_s20_0408_0249,flexmatch,cifar10,FlexMatch algorithm sweep (6 OOD sources × r × seeds),,0h 45m 59s,2759,0.766389
alg_flexmatch_textures_r0.2_s30_0408_0335,flexmatch,cifar10,FlexMatch algorithm sweep (6 OOD sources × r × seeds),,0h 46m 1s,2761,0.766944
alg_flexmatch_textures_r0.2_s40_0408_0421,flexmatch,cifar10,FlexMatch algorithm sweep (6 OOD sources × r × seeds),,0h 46m 2s,2762,0.767222
alg_flexmatch_textures_r0.3_s0_0409_0013,flexmatch,cifar10,FlexMatch algorithm sweep (6 OOD sources × r × seeds),,0h 45m 59s,2759,0.766389
alg_flexmatch_textures_r0.3_s10_0409_0059,flexmatch,cifar10,FlexMatch algorithm sweep (6 OOD sources × r × seeds),,0h 46m 1s,2761,0.766944
alg_flexmatch_textures_r0.3_s20_0409_0145,flexmatch,cifar10,FlexMatch algorithm sweep (6 OOD sources × r × seeds),,0h 46m 1s,2761,0.766944
alg_flexmatch_textures_r0.3_s30_0409_0231,flexmatch,cifar10,FlexMatch algorithm sweep (6 OOD sources × r × seeds),,0h 46m 1s,2761,0.766944
alg_flexmatch_textures_r0.3_s40_0409_0317,flexmatch,cifar10,FlexMatch algorithm sweep (6 OOD sources × r × seeds),,0h 46m 3s,2763,0.7675
alg_flexmatch_textures_r0.4_s0_0409_2309,flexmatch,cifar10,FlexMatch algorithm sweep (6 OOD sources × r × seeds),,0h 46m 1s,2761,0.766944
alg_flexmatch_textures_r0.4_s10_0409_2355,flexmatch,cifar10,FlexMatch algorithm sweep (6 OOD sources × r × seeds),,0h 46m 2s,2762,0.767222
alg_flexmatch_textures_r0.4_s20_0410_0041,flexmatch,cifar10,FlexMatch algorithm sweep (6 OOD sources × r × seeds),,0h 46m 0s,2760,0.766667
alg_flexmatch_textures_r0.4_s30_0410_0127,flexmatch,cifar10,FlexMatch algorithm sweep (6 OOD sources × r × seeds),,0h 46m 2s,2762,0.767222
alg_flexmatch_textures_r0.4_s40_0410_0213,flexmatch,cifar10,FlexMatch algorithm sweep (6 OOD sources × r × seeds),,0h 46m 3s,2763,0.7675
alg_flexmatch_textures_r0.5_s0_0410_2203,flexmatch,cifar10,FlexMatch algorithm sweep (6 OOD sources × r × seeds),,0h 46m 2s,2762,0.767222
alg_flexmatch_textures_r0.5_s10_0410_2249,flexmatch,cifar10,FlexMatch algorithm sweep (6 OOD sources × r × seeds),,0h 46m 3s,2763,0.7675
alg_flexmatch_textures_r0.5_s20_0410_2335,flexmatch,cifar10,FlexMatch algorithm sweep (6 OOD sources × r × seeds),,0h 46m 2s,2762,0.767222
alg_flexmatch_textures_r0.5_s30_0411_0021,flexmatch,cifar10,FlexMatch algorithm sweep (6 OOD sources × r × seeds),,0h 46m 3s,2763,0.7675
alg_flexmatch_textures_r0.5_s40_0411_0107,flexmatch,cifar10,FlexMatch algorithm sweep (6 OOD sources × r × seeds),,0h 46m 6s,2766,0.768333
alg_ds3l_cifar100_r0.1_s0_0406_1536,ds3l,cifar10,DS3L algorithm sweep (6 OOD sources × r × seeds),,0h 47m 55s,2875,0.798611
alg_ds3l_cifar100_r0.1_s10_0406_1624,ds3l,cifar10,DS3L algorithm sweep (6 OOD sources × r × seeds),,0h 47m 43s,2863,0.795278
alg_ds3l_cifar100_r0.1_s20_0406_1712,ds3l,cifar10,DS3L algorithm sweep (6 OOD sources × r × seeds),,0h 47m 43s,2863,0.795278
alg_ds3l_cifar100_r0.1_s30_0406_1759,ds3l,cifar10,DS3L algorithm sweep (6 OOD sources × r × seeds),,0h 47m 43s,2863,0.795278
alg_ds3l_cifar100_r0.1_s40_0406_1847,ds3l,cifar10,DS3L algorithm sweep (6 OOD sources × r × seeds),,0h 47m 44s,2864,0.795556
alg_ds3l_cifar100_r0.2_s0_0407_1530,ds3l,cifar10,DS3L algorithm sweep (6 OOD sources × r × seeds),,0h 47m 39s,2859,0.794167
alg_ds3l_cifar100_r0.2_s10_0407_1617,ds3l,cifar10,DS3L algorithm sweep (6 OOD sources × r × seeds),,0h 47m 41s,2861,0.794722
alg_ds3l_cifar100_r0.2_s20_0407_1705,ds3l,cifar10,DS3L algorithm sweep (6 OOD sources × r × seeds),,0h 47m 43s,2863,0.795278
alg_ds3l_cifar100_r0.2_s30_0407_1753,ds3l,cifar10,DS3L algorithm sweep (6 OOD sources × r × seeds),,0h 47m 41s,2861,0.794722
alg_ds3l_cifar100_r0.2_s40_0407_1841,ds3l,cifar10,DS3L algorithm sweep (6 OOD sources × r × seeds),,0h 47m 40s,2860,0.794444
alg_ds3l_cifar100_r0.3_s0_0408_1519,ds3l,cifar10,DS3L algorithm sweep (6 OOD sources × r × seeds),,0h 47m 39s,2859,0.794167
alg_ds3l_cifar100_r0.3_s10_0408_1607,ds3l,cifar10,DS3L algorithm sweep (6 OOD sources × r × seeds),,0h 47m 39s,2859,0.794167
alg_ds3l_cifar100_r0.3_s20_0408_1655,ds3l,cifar10,DS3L algorithm sweep (6 OOD sources × r × seeds),,0h 47m 39s,2859,0.794167
alg_ds3l_cifar100_r0.3_s30_0408_1742,ds3l,cifar10,DS3L algorithm sweep (6 OOD sources × r × seeds),,0h 47m 38s,2858,0.793889
alg_ds3l_cifar100_r0.3_s40_0408_1830,ds3l,cifar10,DS3L algorithm sweep (6 OOD sources × r × seeds),,0h 47m 38s,2858,0.793889
alg_ds3l_cifar100_r0.4_s0_0409_1508,ds3l,cifar10,DS3L algorithm sweep (6 OOD sources × r × seeds),,0h 47m 36s,2856,0.793333
alg_ds3l_cifar100_r0.4_s10_0409_1555,ds3l,cifar10,DS3L algorithm sweep (6 OOD sources × r × seeds),,0h 47m 36s,2856,0.793333
alg_ds3l_cifar100_r0.4_s20_0409_1643,ds3l,cifar10,DS3L algorithm sweep (6 OOD sources × r × seeds),,0h 47m 36s,2856,0.793333
alg_ds3l_cifar100_r0.4_s30_0409_1730,ds3l,cifar10,DS3L algorithm sweep (6 OOD sources × r × seeds),,0h 47m 37s,2857,0.793611
alg_ds3l_cifar100_r0.4_s40_0409_1818,ds3l,cifar10,DS3L algorithm sweep (6 OOD sources × r × seeds),,0h 47m 37s,2857,0.793611
alg_ds3l_cifar100_r0.5_s0_0410_1455,ds3l,cifar10,DS3L algorithm sweep (6 OOD sources × r × seeds),,0h 47m 34s,2854,0.792778
alg_ds3l_cifar100_r0.5_s10_0410_1543,ds3l,cifar10,DS3L algorithm sweep (6 OOD sources × r × seeds),,0h 47m 34s,2854,0.792778
alg_ds3l_cifar100_r0.5_s20_0410_1630,ds3l,cifar10,DS3L algorithm sweep (6 OOD sources × r × seeds),,0h 47m 36s,2856,0.793333
alg_ds3l_cifar100_r0.5_s30_0410_1718,ds3l,cifar10,DS3L algorithm sweep (6 OOD sources × r × seeds),,0h 47m 35s,2855,0.793056
alg_ds3l_cifar100_r0.5_s40_0410_1805,ds3l,cifar10,DS3L algorithm sweep (6 OOD sources × r × seeds),,0h 47m 34s,2854,0.792778
alg_ds3l_gaussian_noise_r0.1_s0_0407_0734,ds3l,cifar10,DS3L algorithm sweep (6 OOD sources × r × seeds),,0h 47m 30s,2850,0.791667
alg_ds3l_gaussian_noise_r0.1_s10_0407_0821,ds3l,cifar10,DS3L algorithm sweep (6 OOD sources × r × seeds),,0h 47m 28s,2848,0.791111
alg_ds3l_gaussian_noise_r0.1_s20_0407_0909,ds3l,cifar10,DS3L algorithm sweep (6 OOD sources × r × seeds),,0h 47m 29s,2849,0.791389
alg_ds3l_gaussian_noise_r0.1_s30_0407_0956,ds3l,cifar10,DS3L algorithm sweep (6 OOD sources × r × seeds),,0h 47m 29s,2849,0.791389
alg_ds3l_gaussian_noise_r0.1_s40_0407_1044,ds3l,cifar10,DS3L algorithm sweep (6 OOD sources × r × seeds),,0h 47m 29s,2849,0.791389
alg_ds3l_gaussian_noise_r0.2_s0_0408_0724,ds3l,cifar10,DS3L algorithm sweep (6 OOD sources × r × seeds),,0h 47m 28s,2848,0.791111
alg_ds3l_gaussian_noise_r0.2_s10_0408_0811,ds3l,cifar10,DS3L algorithm sweep (6 OOD sources × r × seeds),,0h 47m 26s,2846,0.790556
alg_ds3l_gaussian_noise_r0.2_s20_0408_0858,ds3l,cifar10,DS3L algorithm sweep (6 OOD sources × r × seeds),,0h 47m 27s,2847,0.790833
alg_ds3l_gaussian_noise_r0.2_s30_0408_0946,ds3l,cifar10,DS3L algorithm sweep (6 OOD sources × r × seeds),,0h 47m 29s,2849,0.791389
alg_ds3l_gaussian_noise_r0.2_s40_0408_1033,ds3l,cifar10,DS3L algorithm sweep (6 OOD sources × r × seeds),,0h 47m 26s,2846,0.790556
alg_ds3l_gaussian_noise_r0.3_s0_0409_0712,ds3l,cifar10,DS3L algorithm sweep (6 OOD sources × r × seeds),,0h 47m 24s,2844,0.79
alg_ds3l_gaussian_noise_r0.3_s10_0409_0800,ds3l,cifar10,DS3L algorithm sweep (6 OOD sources × r × seeds),,0h 47m 23s,2843,0.789722
alg_ds3l_gaussian_noise_r0.3_s20_0409_0847,ds3l,cifar10,DS3L algorithm sweep (6 OOD sources × r × seeds),,0h 47m 25s,2845,0.790278
alg_ds3l_gaussian_noise_r0.3_s30_0409_0935,ds3l,cifar10,DS3L algorithm sweep (6 OOD sources × r × seeds),,0h 47m 24s,2844,0.79
alg_ds3l_gaussian_noise_r0.3_s40_0409_1022,ds3l,cifar10,DS3L algorithm sweep (6 OOD sources × r × seeds),,0h 47m 24s,2844,0.79
alg_ds3l_gaussian_noise_r0.4_s0_0410_0700,ds3l,cifar10,DS3L algorithm sweep (6 OOD sources × r × seeds),,0h 47m 24s,2844,0.79
alg_ds3l_gaussian_noise_r0.4_s10_0410_0747,ds3l,cifar10,DS3L algorithm sweep (6 OOD sources × r × seeds),,0h 47m 26s,2846,0.790556
alg_ds3l_gaussian_noise_r0.4_s20_0410_0835,ds3l,cifar10,DS3L algorithm sweep (6 OOD sources × r × seeds),,0h 47m 25s,2845,0.790278
alg_ds3l_gaussian_noise_r0.4_s30_0410_0922,ds3l,cifar10,DS3L algorithm sweep (6 OOD sources × r × seeds),,0h 47m 25s,2845,0.790278
alg_ds3l_gaussian_noise_r0.4_s40_0410_1010,ds3l,cifar10,DS3L algorithm sweep (6 OOD sources × r × seeds),,0h 47m 25s,2845,0.790278
alg_ds3l_gaussian_noise_r0.5_s0_0411_0648,ds3l,cifar10,DS3L algorithm sweep (6 OOD sources × r × seeds),,0h 47m 20s,2840,0.788889
alg_ds3l_gaussian_noise_r0.5_s10_0411_0735,ds3l,cifar10,DS3L algorithm sweep (6 OOD sources × r × seeds),,0h 47m 20s,2840,0.788889
alg_ds3l_gaussian_noise_r0.5_s20_0411_0822,ds3l,cifar10,DS3L algorithm sweep (6 OOD sources × r × seeds),,0h 47m 23s,2843,0.789722
alg_ds3l_gaussian_noise_r0.5_s30_0411_0910,ds3l,cifar10,DS3L algorithm sweep (6 OOD sources × r × seeds),,0h 47m 22s,2842,0.789444
alg_ds3l_gaussian_noise_r0.5_s40_0411_0957,ds3l,cifar10,DS3L algorithm sweep (6 OOD sources × r × seeds),,0h 47m 23s,2843,0.789722
alg_ds3l_mnist_r0.1_s0_0406_1935,ds3l,cifar10,DS3L algorithm sweep (6 OOD sources × r × seeds),,0h 47m 32s,2852,0.792222
alg_ds3l_mnist_r0.1_s10_0406_2022,ds3l,cifar10,DS3L algorithm sweep (6 OOD sources × r × seeds),,0h 47m 29s,2849,0.791389
alg_ds3l_mnist_r0.1_s20_0406_2110,ds3l,cifar10,DS3L algorithm sweep (6 OOD sources × r × seeds),,0h 47m 29s,2849,0.791389
alg_ds3l_mnist_r0.1_s30_0406_2157,ds3l,cifar10,DS3L algorithm sweep (6 OOD sources × r × seeds),,0h 47m 28s,2848,0.791111
alg_ds3l_mnist_r0.1_s40_0406_2245,ds3l,cifar10,DS3L algorithm sweep (6 OOD sources × r × seeds),,0h 47m 30s,2850,0.791667
alg_ds3l_mnist_r0.2_s0_0407_1928,ds3l,cifar10,DS3L algorithm sweep (6 OOD sources × r × seeds),,0h 47m 25s,2845,0.790278
alg_ds3l_mnist_r0.2_s10_0407_2016,ds3l,cifar10,DS3L algorithm sweep (6 OOD sources × r × seeds),,0h 47m 27s,2847,0.790833
alg_ds3l_mnist_r0.2_s20_0407_2103,ds3l,cifar10,DS3L algorithm sweep (6 OOD sources × r × seeds),,0h 47m 26s,2846,0.790556
alg_ds3l_mnist_r0.2_s30_0407_2151,ds3l,cifar10,DS3L algorithm sweep (6 OOD sources × r × seeds),,0h 47m 25s,2845,0.790278
alg_ds3l_mnist_r0.2_s40_0407_2238,ds3l,cifar10,DS3L algorithm sweep (6 OOD sources × r × seeds),,0h 47m 22s,2842,0.789444
alg_ds3l_mnist_r0.3_s0_0408_1917,ds3l,cifar10,DS3L algorithm sweep (6 OOD sources × r × seeds),,0h 47m 23s,2843,0.789722
alg_ds3l_mnist_r0.3_s10_0408_2005,ds3l,cifar10,DS3L algorithm sweep (6 OOD sources × r × seeds),,0h 47m 24s,2844,0.79
alg_ds3l_mnist_r0.3_s20_0408_2052,ds3l,cifar10,DS3L algorithm sweep (6 OOD sources × r × seeds),,0h 47m 24s,2844,0.79
alg_ds3l_mnist_r0.3_s30_0408_2140,ds3l,cifar10,DS3L algorithm sweep (6 OOD sources × r × seeds),,0h 47m 23s,2843,0.789722
alg_ds3l_mnist_r0.3_s40_0408_2227,ds3l,cifar10,DS3L algorithm sweep (6 OOD sources × r × seeds),,0h 47m 22s,2842,0.789444
alg_ds3l_mnist_r0.4_s0_0409_1906,ds3l,cifar10,DS3L algorithm sweep (6 OOD sources × r × seeds),,0h 47m 19s,2839,0.788611
alg_ds3l_mnist_r0.4_s10_0409_1953,ds3l,cifar10,DS3L algorithm sweep (6 OOD sources × r × seeds),,0h 47m 20s,2840,0.788889
alg_ds3l_mnist_r0.4_s20_0409_2040,ds3l,cifar10,DS3L algorithm sweep (6 OOD sources × r × seeds),,0h 47m 22s,2842,0.789444
alg_ds3l_mnist_r0.4_s30_0409_2128,ds3l,cifar10,DS3L algorithm sweep (6 OOD sources × r × seeds),,0h 47m 16s,2836,0.787778
alg_ds3l_mnist_r0.4_s40_0409_2215,ds3l,cifar10,DS3L algorithm sweep (6 OOD sources × r × seeds),,0h 47m 23s,2843,0.789722
alg_ds3l_mnist_r0.5_s0_0410_1853,ds3l,cifar10,DS3L algorithm sweep (6 OOD sources × r × seeds),,0h 47m 19s,2839,0.788611
alg_ds3l_mnist_r0.5_s10_0410_1940,ds3l,cifar10,DS3L algorithm sweep (6 OOD sources × r × seeds),,0h 47m 21s,2841,0.789167
alg_ds3l_mnist_r0.5_s20_0410_2028,ds3l,cifar10,DS3L algorithm sweep (6 OOD sources × r × seeds),,0h 47m 19s,2839,0.788611
alg_ds3l_mnist_r0.5_s30_0410_2115,ds3l,cifar10,DS3L algorithm sweep (6 OOD sources × r × seeds),,0h 47m 21s,2841,0.789167
alg_ds3l_mnist_r0.5_s40_0410_2202,ds3l,cifar10,DS3L algorithm sweep (6 OOD sources × r × seeds),,0h 47m 21s,2841,0.789167
alg_ds3l_none_r0.0_s0_0406_0741,ds3l,cifar10,DS3L algorithm sweep (6 OOD sources × r × seeds),,0h 47m 23s,2843,0.789722
alg_ds3l_none_r0.0_s10_0406_0828,ds3l,cifar10,DS3L algorithm sweep (6 OOD sources × r × seeds),,0h 47m 7s,2827,0.785278
alg_ds3l_none_r0.0_s20_0406_0915,ds3l,cifar10,DS3L algorithm sweep (6 OOD sources × r × seeds),,0h 47m 7s,2827,0.785278
alg_ds3l_none_r0.0_s30_0406_1002,ds3l,cifar10,DS3L algorithm sweep (6 OOD sources × r × seeds),,0h 47m 8s,2828,0.785556
alg_ds3l_none_r0.0_s40_0406_1050,ds3l,cifar10,DS3L algorithm sweep (6 OOD sources × r × seeds),,0h 47m 10s,2830,0.786111
alg_ds3l_stl10_r0.1_s0_0406_2332,ds3l,cifar10,DS3L algorithm sweep (6 OOD sources × r × seeds),,0h 51m 21s,3081,0.855833
alg_ds3l_stl10_r0.1_s10_0407_0024,ds3l,cifar10,DS3L algorithm sweep (6 OOD sources × r × seeds),,0h 47m 53s,2873,0.798056
alg_ds3l_stl10_r0.1_s20_0407_0111,ds3l,cifar10,DS3L algorithm sweep (6 OOD sources × r × seeds),,0h 47m 54s,2874,0.798333
alg_ds3l_stl10_r0.1_s30_0407_0159,ds3l,cifar10,DS3L algorithm sweep (6 OOD sources × r × seeds),,0h 47m 52s,2872,0.797778
alg_ds3l_stl10_r0.1_s40_0407_0247,ds3l,cifar10,DS3L algorithm sweep (6 OOD sources × r × seeds),,0h 47m 56s,2876,0.798889
alg_ds3l_stl10_r0.2_s0_0407_2325,ds3l,cifar10,DS3L algorithm sweep (6 OOD sources × r × seeds),,0h 47m 53s,2873,0.798056
alg_ds3l_stl10_r0.2_s10_0408_0013,ds3l,cifar10,DS3L algorithm sweep (6 OOD sources × r × seeds),,0h 47m 54s,2874,0.798333
alg_ds3l_stl10_r0.2_s20_0408_0101,ds3l,cifar10,DS3L algorithm sweep (6 OOD sources × r × seeds),,0h 47m 53s,2873,0.798056
alg_ds3l_stl10_r0.2_s30_0408_0149,ds3l,cifar10,DS3L algorithm sweep (6 OOD sources × r × seeds),,0h 47m 51s,2871,0.7975
alg_ds3l_stl10_r0.2_s40_0408_0237,ds3l,cifar10,DS3L algorithm sweep (6 OOD sources × r × seeds),,0h 47m 52s,2872,0.797778
alg_ds3l_stl10_r0.3_s0_0408_2314,ds3l,cifar10,DS3L algorithm sweep (6 OOD sources × r × seeds),,0h 47m 47s,2867,0.796389
alg_ds3l_stl10_r0.3_s10_0409_0002,ds3l,cifar10,DS3L algorithm sweep (6 OOD sources × r × seeds),,0h 47m 47s,2867,0.796389
alg_ds3l_stl10_r0.3_s20_0409_0050,ds3l,cifar10,DS3L algorithm sweep (6 OOD sources × r × seeds),,0h 47m 48s,2868,0.796667
alg_ds3l_stl10_r0.3_s30_0409_0138,ds3l,cifar10,DS3L algorithm sweep (6 OOD sources × r × seeds),,0h 47m 49s,2869,0.796944
alg_ds3l_stl10_r0.3_s40_0409_0226,ds3l,cifar10,DS3L algorithm sweep (6 OOD sources × r × seeds),,0h 47m 48s,2868,0.796667
alg_ds3l_stl10_r0.4_s0_0409_2302,ds3l,cifar10,DS3L algorithm sweep (6 OOD sources × r × seeds),,0h 47m 49s,2869,0.796944
alg_ds3l_stl10_r0.4_s10_0409_2350,ds3l,cifar10,DS3L algorithm sweep (6 OOD sources × r × seeds),,0h 47m 47s,2867,0.796389
alg_ds3l_stl10_r0.4_s20_0410_0038,ds3l,cifar10,DS3L algorithm sweep (6 OOD sources × r × seeds),,0h 47m 47s,2867,0.796389
alg_ds3l_stl10_r0.4_s30_0410_0126,ds3l,cifar10,DS3L algorithm sweep (6 OOD sources × r × seeds),,0h 47m 46s,2866,0.796111
alg_ds3l_stl10_r0.4_s40_0410_0213,ds3l,cifar10,DS3L algorithm sweep (6 OOD sources × r × seeds),,0h 47m 46s,2866,0.796111
alg_ds3l_stl10_r0.5_s0_0410_2250,ds3l,cifar10,DS3L algorithm sweep (6 OOD sources × r × seeds),,0h 47m 47s,2867,0.796389
alg_ds3l_stl10_r0.5_s10_0410_2338,ds3l,cifar10,DS3L algorithm sweep (6 OOD sources × r × seeds),,0h 47m 45s,2865,0.795833
alg_ds3l_stl10_r0.5_s20_0411_0025,ds3l,cifar10,DS3L algorithm sweep (6 OOD sources × r × seeds),,0h 47m 46s,2866,0.796111
alg_ds3l_stl10_r0.5_s30_0411_0113,ds3l,cifar10,DS3L algorithm sweep (6 OOD sources × r × seeds),,0h 47m 45s,2865,0.795833
alg_ds3l_stl10_r0.5_s40_0411_0201,ds3l,cifar10,DS3L algorithm sweep (6 OOD sources × r × seeds),,0h 47m 46s,2866,0.796111
alg_ds3l_svhn_r0.1_s0_0406_1137,ds3l,cifar10,DS3L algorithm sweep (6 OOD sources × r × seeds),,0h 48m 0s,2880,0.8
alg_ds3l_svhn_r0.1_s10_0406_1225,ds3l,cifar10,DS3L algorithm sweep (6 OOD sources × r × seeds),,0h 47m 44s,2864,0.795556
alg_ds3l_svhn_r0.1_s20_0406_1313,ds3l,cifar10,DS3L algorithm sweep (6 OOD sources × r × seeds),,0h 47m 45s,2865,0.795833
alg_ds3l_svhn_r0.1_s30_0406_1400,ds3l,cifar10,DS3L algorithm sweep (6 OOD sources × r × seeds),,0h 47m 47s,2867,0.796389
alg_ds3l_svhn_r0.1_s40_0406_1448,ds3l,cifar10,DS3L algorithm sweep (6 OOD sources × r × seeds),,0h 47m 44s,2864,0.795556
alg_ds3l_svhn_r0.2_s0_0407_1131,ds3l,cifar10,DS3L algorithm sweep (6 OOD sources × r × seeds),,0h 47m 41s,2861,0.794722
alg_ds3l_svhn_r0.2_s10_0407_1219,ds3l,cifar10,DS3L algorithm sweep (6 OOD sources × r × seeds),,0h 47m 43s,2863,0.795278
alg_ds3l_svhn_r0.2_s20_0407_1307,ds3l,cifar10,DS3L algorithm sweep (6 OOD sources × r × seeds),,0h 47m 43s,2863,0.795278
alg_ds3l_svhn_r0.2_s30_0407_1354,ds3l,cifar10,DS3L algorithm sweep (6 OOD sources × r × seeds),,0h 47m 43s,2863,0.795278
alg_ds3l_svhn_r0.2_s40_0407_1442,ds3l,cifar10,DS3L algorithm sweep (6 OOD sources × r × seeds),,0h 47m 43s,2863,0.795278
alg_ds3l_svhn_r0.3_s0_0408_1121,ds3l,cifar10,DS3L algorithm sweep (6 OOD sources × r × seeds),,0h 47m 39s,2859,0.794167
alg_ds3l_svhn_r0.3_s10_0408_1209,ds3l,cifar10,DS3L algorithm sweep (6 OOD sources × r × seeds),,0h 47m 40s,2860,0.794444
alg_ds3l_svhn_r0.3_s20_0408_1256,ds3l,cifar10,DS3L algorithm sweep (6 OOD sources × r × seeds),,0h 47m 40s,2860,0.794444
alg_ds3l_svhn_r0.3_s30_0408_1344,ds3l,cifar10,DS3L algorithm sweep (6 OOD sources × r × seeds),,0h 47m 39s,2859,0.794167
alg_ds3l_svhn_r0.3_s40_0408_1432,ds3l,cifar10,DS3L algorithm sweep (6 OOD sources × r × seeds),,0h 47m 40s,2860,0.794444
alg_ds3l_svhn_r0.4_s0_0409_1109,ds3l,cifar10,DS3L algorithm sweep (6 OOD sources × r × seeds),,0h 47m 35s,2855,0.793056
alg_ds3l_svhn_r0.4_s10_0409_1157,ds3l,cifar10,DS3L algorithm sweep (6 OOD sources × r × seeds),,0h 47m 37s,2857,0.793611
alg_ds3l_svhn_r0.4_s20_0409_1245,ds3l,cifar10,DS3L algorithm sweep (6 OOD sources × r × seeds),,0h 47m 37s,2857,0.793611
alg_ds3l_svhn_r0.4_s30_0409_1332,ds3l,cifar10,DS3L algorithm sweep (6 OOD sources × r × seeds),,0h 47m 37s,2857,0.793611
alg_ds3l_svhn_r0.4_s40_0409_1420,ds3l,cifar10,DS3L algorithm sweep (6 OOD sources × r × seeds),,0h 47m 37s,2857,0.793611
alg_ds3l_svhn_r0.5_s0_0410_1057,ds3l,cifar10,DS3L algorithm sweep (6 OOD sources × r × seeds),,0h 47m 34s,2854,0.792778
alg_ds3l_svhn_r0.5_s10_0410_1145,ds3l,cifar10,DS3L algorithm sweep (6 OOD sources × r × seeds),,0h 47m 34s,2854,0.792778
alg_ds3l_svhn_r0.5_s20_0410_1232,ds3l,cifar10,DS3L algorithm sweep (6 OOD sources × r × seeds),,0h 47m 37s,2857,0.793611
alg_ds3l_svhn_r0.5_s30_0410_1320,ds3l,cifar10,DS3L algorithm sweep (6 OOD sources × r × seeds),,0h 47m 36s,2856,0.793333
alg_ds3l_svhn_r0.5_s40_0410_1408,ds3l,cifar10,DS3L algorithm sweep (6 OOD sources × r × seeds),,0h 47m 37s,2857,0.793611
alg_ds3l_textures_r0.1_s0_0407_0335,ds3l,cifar10,DS3L algorithm sweep (6 OOD sources × r × seeds),,0h 47m 49s,2869,0.796944
alg_ds3l_textures_r0.1_s10_0407_0423,ds3l,cifar10,DS3L algorithm sweep (6 OOD sources × r × seeds),,0h 47m 40s,2860,0.794444
alg_ds3l_textures_r0.1_s20_0407_0511,ds3l,cifar10,DS3L algorithm sweep (6 OOD sources × r × seeds),,0h 47m 41s,2861,0.794722
alg_ds3l_textures_r0.1_s30_0407_0558,ds3l,cifar10,DS3L algorithm sweep (6 OOD sources × r × seeds),,0h 47m 39s,2859,0.794167
alg_ds3l_textures_r0.1_s40_0407_0646,ds3l,cifar10,DS3L algorithm sweep (6 OOD sources × r × seeds),,0h 47m 42s,2862,0.795
alg_ds3l_textures_r0.2_s0_0408_0325,ds3l,cifar10,DS3L algorithm sweep (6 OOD sources × r × seeds),,0h 47m 43s,2863,0.795278
alg_ds3l_textures_r0.2_s10_0408_0413,ds3l,cifar10,DS3L algorithm sweep (6 OOD sources × r × seeds),,0h 47m 43s,2863,0.795278
alg_ds3l_textures_r0.2_s20_0408_0500,ds3l,cifar10,DS3L algorithm sweep (6 OOD sources × r × seeds),,0h 47m 45s,2865,0.795833
alg_ds3l_textures_r0.2_s30_0408_0548,ds3l,cifar10,DS3L algorithm sweep (6 OOD sources × r × seeds),,0h 47m 44s,2864,0.795556
alg_ds3l_textures_r0.2_s40_0408_0636,ds3l,cifar10,DS3L algorithm sweep (6 OOD sources × r × seeds),,0h 47m 46s,2866,0.796111
alg_ds3l_textures_r0.3_s0_0409_0313,ds3l,cifar10,DS3L algorithm sweep (6 OOD sources × r × seeds),,0h 47m 45s,2865,0.795833
alg_ds3l_textures_r0.3_s10_0409_0401,ds3l,cifar10,DS3L algorithm sweep (6 OOD sources × r × seeds),,0h 47m 45s,2865,0.795833
alg_ds3l_textures_r0.3_s20_0409_0449,ds3l,cifar10,DS3L algorithm sweep (6 OOD sources × r × seeds),,0h 47m 47s,2867,0.796389
alg_ds3l_textures_r0.3_s30_0409_0537,ds3l,cifar10,DS3L algorithm sweep (6 OOD sources × r × seeds),,0h 47m 48s,2868,0.796667
alg_ds3l_textures_r0.3_s40_0409_0625,ds3l,cifar10,DS3L algorithm sweep (6 OOD sources × r × seeds),,0h 47m 46s,2866,0.796111
alg_ds3l_textures_r0.4_s0_0410_0301,ds3l,cifar10,DS3L algorithm sweep (6 OOD sources × r × seeds),,0h 47m 45s,2865,0.795833
alg_ds3l_textures_r0.4_s10_0410_0349,ds3l,cifar10,DS3L algorithm sweep (6 OOD sources × r × seeds),,0h 47m 42s,2862,0.795
alg_ds3l_textures_r0.4_s20_0410_0437,ds3l,cifar10,DS3L algorithm sweep (6 OOD sources × r × seeds),,0h 47m 46s,2866,0.796111
alg_ds3l_textures_r0.4_s30_0410_0524,ds3l,cifar10,DS3L algorithm sweep (6 OOD sources × r × seeds),,0h 47m 44s,2864,0.795556
alg_ds3l_textures_r0.4_s40_0410_0612,ds3l,cifar10,DS3L algorithm sweep (6 OOD sources × r × seeds),,0h 47m 46s,2866,0.796111
alg_ds3l_textures_r0.5_s0_0411_0249,ds3l,cifar10,DS3L algorithm sweep (6 OOD sources × r × seeds),,0h 47m 46s,2866,0.796111
alg_ds3l_textures_r0.5_s10_0411_0336,ds3l,cifar10,DS3L algorithm sweep (6 OOD sources × r × seeds),,0h 47m 45s,2865,0.795833
alg_ds3l_textures_r0.5_s20_0411_0424,ds3l,cifar10,DS3L algorithm sweep (6 OOD sources × r × seeds),,0h 47m 47s,2867,0.796389
alg_ds3l_textures_r0.5_s30_0411_0512,ds3l,cifar10,DS3L algorithm sweep (6 OOD sources × r × seeds),,0h 47m 45s,2865,0.795833
alg_ds3l_textures_r0.5_s40_0411_0600,ds3l,cifar10,DS3L algorithm sweep (6 OOD sources × r × seeds),,0h 47m 47s,2867,0.796389
alg_softmatch_cifar100_r0.1_s0_0406_1528,softmatch,cifar10,SoftMatch algorithm sweep (6 OOD sources × r × seeds),,0h 48m 2s,2882,0.800556
alg_softmatch_cifar100_r0.1_s10_0406_1616,softmatch,cifar10,SoftMatch algorithm sweep (6 OOD sources × r × seeds),,0h 47m 54s,2874,0.798333
alg_softmatch_cifar100_r0.1_s20_0406_1704,softmatch,cifar10,SoftMatch algorithm sweep (6 OOD sources × r × seeds),,0h 47m 49s,2869,0.796944
alg_softmatch_cifar100_r0.1_s30_0406_1752,softmatch,cifar10,SoftMatch algorithm sweep (6 OOD sources × r × seeds),,0h 47m 49s,2869,0.796944
alg_softmatch_cifar100_r0.1_s40_0406_1839,softmatch,cifar10,SoftMatch algorithm sweep (6 OOD sources × r × seeds),,0h 47m 53s,2873,0.798056
alg_softmatch_cifar100_r0.2_s0_0407_1528,softmatch,cifar10,SoftMatch algorithm sweep (6 OOD sources × r × seeds),,0h 47m 52s,2872,0.797778
alg_softmatch_cifar100_r0.2_s10_0407_1616,softmatch,cifar10,SoftMatch algorithm sweep (6 OOD sources × r × seeds),,0h 47m 51s,2871,0.7975
alg_softmatch_cifar100_r0.2_s20_0407_1704,softmatch,cifar10,SoftMatch algorithm sweep (6 OOD sources × r × seeds),,0h 47m 51s,2871,0.7975
alg_softmatch_cifar100_r0.2_s30_0407_1752,softmatch,cifar10,SoftMatch algorithm sweep (6 OOD sources × r × seeds),,0h 47m 46s,2866,0.796111
alg_softmatch_cifar100_r0.2_s40_0407_1840,softmatch,cifar10,SoftMatch algorithm sweep (6 OOD sources × r × seeds),,0h 47m 54s,2874,0.798333
alg_softmatch_cifar100_r0.3_s0_0408_1523,softmatch,cifar10,SoftMatch algorithm sweep (6 OOD sources × r × seeds),,0h 47m 52s,2872,0.797778
alg_softmatch_cifar100_r0.3_s10_0408_1611,softmatch,cifar10,SoftMatch algorithm sweep (6 OOD sources × r × seeds),,0h 47m 51s,2871,0.7975
alg_softmatch_cifar100_r0.3_s20_0408_1659,softmatch,cifar10,SoftMatch algorithm sweep (6 OOD sources × r × seeds),,0h 47m 51s,2871,0.7975
alg_softmatch_cifar100_r0.3_s30_0408_1747,softmatch,cifar10,SoftMatch algorithm sweep (6 OOD sources × r × seeds),,0h 47m 52s,2872,0.797778
alg_softmatch_cifar100_r0.3_s40_0408_1835,softmatch,cifar10,SoftMatch algorithm sweep (6 OOD sources × r × seeds),,0h 47m 56s,2876,0.798889
alg_softmatch_cifar100_r0.4_s0_0409_1517,softmatch,cifar10,SoftMatch algorithm sweep (6 OOD sources × r × seeds),,0h 47m 50s,2870,0.797222
alg_softmatch_cifar100_r0.4_s10_0409_1605,softmatch,cifar10,SoftMatch algorithm sweep (6 OOD sources × r × seeds),,0h 47m 51s,2871,0.7975
alg_softmatch_cifar100_r0.4_s20_0409_1653,softmatch,cifar10,SoftMatch algorithm sweep (6 OOD sources × r × seeds),,0h 47m 47s,2867,0.796389
alg_softmatch_cifar100_r0.4_s30_0409_1741,softmatch,cifar10,SoftMatch algorithm sweep (6 OOD sources × r × seeds),,0h 47m 49s,2869,0.796944
alg_softmatch_cifar100_r0.4_s40_0409_1829,softmatch,cifar10,SoftMatch algorithm sweep (6 OOD sources × r × seeds),,0h 47m 50s,2870,0.797222
alg_softmatch_cifar100_r0.5_s0_0410_1511,softmatch,cifar10,SoftMatch algorithm sweep (6 OOD sources × r × seeds),,0h 47m 43s,2863,0.795278
alg_softmatch_cifar100_r0.5_s10_0410_1559,softmatch,cifar10,SoftMatch algorithm sweep (6 OOD sources × r × seeds),,0h 47m 42s,2862,0.795
alg_softmatch_cifar100_r0.5_s20_0410_1647,softmatch,cifar10,SoftMatch algorithm sweep (6 OOD sources × r × seeds),,0h 47m 40s,2860,0.794444
alg_softmatch_cifar100_r0.5_s30_0410_1734,softmatch,cifar10,SoftMatch algorithm sweep (6 OOD sources × r × seeds),,0h 47m 40s,2860,0.794444
alg_softmatch_cifar100_r0.5_s40_0410_1822,softmatch,cifar10,SoftMatch algorithm sweep (6 OOD sources × r × seeds),,0h 47m 44s,2864,0.795556
alg_softmatch_gaussian_noise_r0.1_s0_0407_0731,softmatch,cifar10,SoftMatch algorithm sweep (6 OOD sources × r × seeds),,0h 47m 37s,2857,0.793611
alg_softmatch_gaussian_noise_r0.1_s10_0407_0818,softmatch,cifar10,SoftMatch algorithm sweep (6 OOD sources × r × seeds),,0h 47m 36s,2856,0.793333
alg_softmatch_gaussian_noise_r0.1_s20_0407_0906,softmatch,cifar10,SoftMatch algorithm sweep (6 OOD sources × r × seeds),,0h 47m 37s,2857,0.793611
alg_softmatch_gaussian_noise_r0.1_s30_0407_0954,softmatch,cifar10,SoftMatch algorithm sweep (6 OOD sources × r × seeds),,0h 47m 35s,2855,0.793056
alg_softmatch_gaussian_noise_r0.1_s40_0407_1041,softmatch,cifar10,SoftMatch algorithm sweep (6 OOD sources × r × seeds),,0h 47m 39s,2859,0.794167
alg_softmatch_gaussian_noise_r0.2_s0_0408_0725,softmatch,cifar10,SoftMatch algorithm sweep (6 OOD sources × r × seeds),,0h 47m 40s,2860,0.794444
alg_softmatch_gaussian_noise_r0.2_s10_0408_0813,softmatch,cifar10,SoftMatch algorithm sweep (6 OOD sources × r × seeds),,0h 47m 40s,2860,0.794444
alg_softmatch_gaussian_noise_r0.2_s20_0408_0901,softmatch,cifar10,SoftMatch algorithm sweep (6 OOD sources × r × seeds),,0h 47m 40s,2860,0.794444
alg_softmatch_gaussian_noise_r0.2_s30_0408_0948,softmatch,cifar10,SoftMatch algorithm sweep (6 OOD sources × r × seeds),,0h 47m 40s,2860,0.794444
alg_softmatch_gaussian_noise_r0.2_s40_0408_1036,softmatch,cifar10,SoftMatch algorithm sweep (6 OOD sources × r × seeds),,0h 47m 42s,2862,0.795
alg_softmatch_gaussian_noise_r0.3_s0_0409_0720,softmatch,cifar10,SoftMatch algorithm sweep (6 OOD sources × r × seeds),,0h 47m 34s,2854,0.792778
alg_softmatch_gaussian_noise_r0.3_s10_0409_0808,softmatch,cifar10,SoftMatch algorithm sweep (6 OOD sources × r × seeds),,0h 47m 33s,2853,0.7925
alg_softmatch_gaussian_noise_r0.3_s20_0409_0855,softmatch,cifar10,SoftMatch algorithm sweep (6 OOD sources × r × seeds),,0h 47m 34s,2854,0.792778
alg_softmatch_gaussian_noise_r0.3_s30_0409_0943,softmatch,cifar10,SoftMatch algorithm sweep (6 OOD sources × r × seeds),,0h 47m 35s,2855,0.793056
alg_softmatch_gaussian_noise_r0.3_s40_0409_1030,softmatch,cifar10,SoftMatch algorithm sweep (6 OOD sources × r × seeds),,0h 47m 37s,2857,0.793611
alg_softmatch_gaussian_noise_r0.4_s0_0410_0715,softmatch,cifar10,SoftMatch algorithm sweep (6 OOD sources × r × seeds),,0h 47m 35s,2855,0.793056
alg_softmatch_gaussian_noise_r0.4_s10_0410_0802,softmatch,cifar10,SoftMatch algorithm sweep (6 OOD sources × r × seeds),,0h 47m 32s,2852,0.792222
alg_softmatch_gaussian_noise_r0.4_s20_0410_0850,softmatch,cifar10,SoftMatch algorithm sweep (6 OOD sources × r × seeds),,0h 47m 30s,2850,0.791667
alg_softmatch_gaussian_noise_r0.4_s30_0410_0937,softmatch,cifar10,SoftMatch algorithm sweep (6 OOD sources × r × seeds),,0h 47m 32s,2852,0.792222
alg_softmatch_gaussian_noise_r0.4_s40_0410_1025,softmatch,cifar10,SoftMatch algorithm sweep (6 OOD sources × r × seeds),,0h 47m 35s,2855,0.793056
alg_softmatch_gaussian_noise_r0.5_s0_0411_0707,softmatch,cifar10,SoftMatch algorithm sweep (6 OOD sources × r × seeds),,0h 47m 27s,2847,0.790833
alg_softmatch_gaussian_noise_r0.5_s10_0411_0754,softmatch,cifar10,SoftMatch algorithm sweep (6 OOD sources × r × seeds),,0h 47m 28s,2848,0.791111
alg_softmatch_gaussian_noise_r0.5_s20_0411_0842,softmatch,cifar10,SoftMatch algorithm sweep (6 OOD sources × r × seeds),,0h 47m 30s,2850,0.791667
alg_softmatch_gaussian_noise_r0.5_s30_0411_0929,softmatch,cifar10,SoftMatch algorithm sweep (6 OOD sources × r × seeds),,0h 47m 32s,2852,0.792222
alg_softmatch_gaussian_noise_r0.5_s40_0411_1017,softmatch,cifar10,SoftMatch algorithm sweep (6 OOD sources × r × seeds),,0h 47m 37s,2857,0.793611
alg_softmatch_mnist_r0.1_s0_0406_1927,softmatch,cifar10,SoftMatch algorithm sweep (6 OOD sources × r × seeds),,0h 47m 47s,2867,0.796389
alg_softmatch_mnist_r0.1_s10_0406_2015,softmatch,cifar10,SoftMatch algorithm sweep (6 OOD sources × r × seeds),,0h 47m 40s,2860,0.794444
alg_softmatch_mnist_r0.1_s20_0406_2103,softmatch,cifar10,SoftMatch algorithm sweep (6 OOD sources × r × seeds),,0h 47m 41s,2861,0.794722
alg_softmatch_mnist_r0.1_s30_0406_2150,softmatch,cifar10,SoftMatch algorithm sweep (6 OOD sources × r × seeds),,0h 47m 41s,2861,0.794722
alg_softmatch_mnist_r0.1_s40_0406_2238,softmatch,cifar10,SoftMatch algorithm sweep (6 OOD sources × r × seeds),,0h 47m 41s,2861,0.794722
alg_softmatch_mnist_r0.2_s0_0407_1928,softmatch,cifar10,SoftMatch algorithm sweep (6 OOD sources × r × seeds),,0h 47m 36s,2856,0.793333
alg_softmatch_mnist_r0.2_s10_0407_2015,softmatch,cifar10,SoftMatch algorithm sweep (6 OOD sources × r × seeds),,0h 47m 34s,2854,0.792778
alg_softmatch_mnist_r0.2_s20_0407_2103,softmatch,cifar10,SoftMatch algorithm sweep (6 OOD sources × r × seeds),,0h 47m 33s,2853,0.7925
alg_softmatch_mnist_r0.2_s30_0407_2150,softmatch,cifar10,SoftMatch algorithm sweep (6 OOD sources × r × seeds),,0h 47m 32s,2852,0.792222
alg_softmatch_mnist_r0.2_s40_0407_2238,softmatch,cifar10,SoftMatch algorithm sweep (6 OOD sources × r × seeds),,0h 47m 36s,2856,0.793333
alg_softmatch_mnist_r0.3_s0_0408_1923,softmatch,cifar10,SoftMatch algorithm sweep (6 OOD sources × r × seeds),,0h 47m 33s,2853,0.7925
alg_softmatch_mnist_r0.3_s10_0408_2010,softmatch,cifar10,SoftMatch algorithm sweep (6 OOD sources × r × seeds),,0h 47m 32s,2852,0.792222
alg_softmatch_mnist_r0.3_s20_0408_2058,softmatch,cifar10,SoftMatch algorithm sweep (6 OOD sources × r × seeds),,0h 47m 32s,2852,0.792222
alg_softmatch_mnist_r0.3_s30_0408_2145,softmatch,cifar10,SoftMatch algorithm sweep (6 OOD sources × r × seeds),,0h 47m 32s,2852,0.792222
alg_softmatch_mnist_r0.3_s40_0408_2233,softmatch,cifar10,SoftMatch algorithm sweep (6 OOD sources × r × seeds),,0h 47m 36s,2856,0.793333
alg_softmatch_mnist_r0.4_s0_0409_1916,softmatch,cifar10,SoftMatch algorithm sweep (6 OOD sources × r × seeds),,0h 47m 35s,2855,0.793056
alg_softmatch_mnist_r0.4_s10_0409_2004,softmatch,cifar10,SoftMatch algorithm sweep (6 OOD sources × r × seeds),,0h 47m 33s,2853,0.7925
alg_softmatch_mnist_r0.4_s20_0409_2052,softmatch,cifar10,SoftMatch algorithm sweep (6 OOD sources × r × seeds),,0h 47m 30s,2850,0.791667
alg_softmatch_mnist_r0.4_s30_0409_2139,softmatch,cifar10,SoftMatch algorithm sweep (6 OOD sources × r × seeds),,0h 47m 32s,2852,0.792222
alg_softmatch_mnist_r0.4_s40_0409_2227,softmatch,cifar10,SoftMatch algorithm sweep (6 OOD sources × r × seeds),,0h 47m 35s,2855,0.793056
alg_softmatch_mnist_r0.5_s0_0410_1910,softmatch,cifar10,SoftMatch algorithm sweep (6 OOD sources × r × seeds),,0h 47m 27s,2847,0.790833
alg_softmatch_mnist_r0.5_s10_0410_1957,softmatch,cifar10,SoftMatch algorithm sweep (6 OOD sources × r × seeds),,0h 47m 25s,2845,0.790278
alg_softmatch_mnist_r0.5_s20_0410_2045,softmatch,cifar10,SoftMatch algorithm sweep (6 OOD sources × r × seeds),,0h 47m 26s,2846,0.790556
alg_softmatch_mnist_r0.5_s30_0410_2132,softmatch,cifar10,SoftMatch algorithm sweep (6 OOD sources × r × seeds),,0h 47m 27s,2847,0.790833
alg_softmatch_mnist_r0.5_s40_0410_2220,softmatch,cifar10,SoftMatch algorithm sweep (6 OOD sources × r × seeds),,0h 47m 31s,2851,0.791944
alg_softmatch_none_r0.0_s0_0406_0731,softmatch,cifar10,SoftMatch algorithm sweep (6 OOD sources × r × seeds),,0h 47m 33s,2853,0.7925
alg_softmatch_none_r0.0_s10_0406_0819,softmatch,cifar10,SoftMatch algorithm sweep (6 OOD sources × r × seeds),,0h 47m 18s,2838,0.788333
alg_softmatch_none_r0.0_s20_0406_0906,softmatch,cifar10,SoftMatch algorithm sweep (6 OOD sources × r × seeds),,0h 47m 19s,2839,0.788611
alg_softmatch_none_r0.0_s30_0406_0953,softmatch,cifar10,SoftMatch algorithm sweep (6 OOD sources × r × seeds),,0h 47m 18s,2838,0.788333
alg_softmatch_none_r0.0_s40_0406_1041,softmatch,cifar10,SoftMatch algorithm sweep (6 OOD sources × r × seeds),,0h 47m 24s,2844,0.79
alg_softmatch_stl10_r0.1_s0_0406_2326,softmatch,cifar10,SoftMatch algorithm sweep (6 OOD sources × r × seeds),,0h 52m 49s,3169,0.880278
alg_softmatch_stl10_r0.1_s10_0407_0019,softmatch,cifar10,SoftMatch algorithm sweep (6 OOD sources × r × seeds),,0h 48m 1s,2881,0.800278
alg_softmatch_stl10_r0.1_s20_0407_0107,softmatch,cifar10,SoftMatch algorithm sweep (6 OOD sources × r × seeds),,0h 48m 1s,2881,0.800278
alg_softmatch_stl10_r0.1_s30_0407_0155,softmatch,cifar10,SoftMatch algorithm sweep (6 OOD sources × r × seeds),,0h 47m 59s,2879,0.799722
alg_softmatch_stl10_r0.1_s40_0407_0243,softmatch,cifar10,SoftMatch algorithm sweep (6 OOD sources × r × seeds),,0h 48m 6s,2886,0.801667
alg_softmatch_stl10_r0.2_s0_0407_2325,softmatch,cifar10,SoftMatch algorithm sweep (6 OOD sources × r × seeds),,0h 48m 0s,2880,0.8
alg_softmatch_stl10_r0.2_s10_0408_0013,softmatch,cifar10,SoftMatch algorithm sweep (6 OOD sources × r × seeds),,0h 48m 1s,2881,0.800278
alg_softmatch_stl10_r0.2_s20_0408_0101,softmatch,cifar10,SoftMatch algorithm sweep (6 OOD sources × r × seeds),,0h 48m 0s,2880,0.8
alg_softmatch_stl10_r0.2_s30_0408_0149,softmatch,cifar10,SoftMatch algorithm sweep (6 OOD sources × r × seeds),,0h 48m 0s,2880,0.8
alg_softmatch_stl10_r0.2_s40_0408_0237,softmatch,cifar10,SoftMatch algorithm sweep (6 OOD sources × r × seeds),,0h 48m 4s,2884,0.801111
alg_softmatch_stl10_r0.3_s0_0408_2320,softmatch,cifar10,SoftMatch algorithm sweep (6 OOD sources × r × seeds),,0h 47m 59s,2879,0.799722
alg_softmatch_stl10_r0.3_s10_0409_0008,softmatch,cifar10,SoftMatch algorithm sweep (6 OOD sources × r × seeds),,0h 47m 57s,2877,0.799167
alg_softmatch_stl10_r0.3_s20_0409_0056,softmatch,cifar10,SoftMatch algorithm sweep (6 OOD sources × r × seeds),,0h 47m 56s,2876,0.798889
alg_softmatch_stl10_r0.3_s30_0409_0144,softmatch,cifar10,SoftMatch algorithm sweep (6 OOD sources × r × seeds),,0h 47m 57s,2877,0.799167
alg_softmatch_stl10_r0.3_s40_0409_0232,softmatch,cifar10,SoftMatch algorithm sweep (6 OOD sources × r × seeds),,0h 48m 0s,2880,0.8
alg_softmatch_stl10_r0.4_s0_0409_2314,softmatch,cifar10,SoftMatch algorithm sweep (6 OOD sources × r × seeds),,0h 48m 3s,2883,0.800833
alg_softmatch_stl10_r0.4_s10_0410_0002,softmatch,cifar10,SoftMatch algorithm sweep (6 OOD sources × r × seeds),,0h 47m 59s,2879,0.799722
alg_softmatch_stl10_r0.4_s20_0410_0050,softmatch,cifar10,SoftMatch algorithm sweep (6 OOD sources × r × seeds),,0h 47m 59s,2879,0.799722
alg_softmatch_stl10_r0.4_s30_0410_0138,softmatch,cifar10,SoftMatch algorithm sweep (6 OOD sources × r × seeds),,0h 48m 0s,2880,0.8
alg_softmatch_stl10_r0.4_s40_0410_0226,softmatch,cifar10,SoftMatch algorithm sweep (6 OOD sources × r × seeds),,0h 48m 2s,2882,0.800556
alg_softmatch_stl10_r0.5_s0_0410_2307,softmatch,cifar10,SoftMatch algorithm sweep (6 OOD sources × r × seeds),,0h 47m 55s,2875,0.798611
alg_softmatch_stl10_r0.5_s10_0410_2355,softmatch,cifar10,SoftMatch algorithm sweep (6 OOD sources × r × seeds),,0h 47m 53s,2873,0.798056
alg_softmatch_stl10_r0.5_s20_0411_0043,softmatch,cifar10,SoftMatch algorithm sweep (6 OOD sources × r × seeds),,0h 47m 53s,2873,0.798056
alg_softmatch_stl10_r0.5_s30_0411_0131,softmatch,cifar10,SoftMatch algorithm sweep (6 OOD sources × r × seeds),,0h 47m 53s,2873,0.798056
alg_softmatch_stl10_r0.5_s40_0411_0219,softmatch,cifar10,SoftMatch algorithm sweep (6 OOD sources × r × seeds),,0h 47m 55s,2875,0.798611
alg_softmatch_svhn_r0.1_s0_0406_1128,softmatch,cifar10,SoftMatch algorithm sweep (6 OOD sources × r × seeds),,0h 48m 6s,2886,0.801667
alg_softmatch_svhn_r0.1_s10_0406_1216,softmatch,cifar10,SoftMatch algorithm sweep (6 OOD sources × r × seeds),,0h 47m 53s,2873,0.798056
alg_softmatch_svhn_r0.1_s20_0406_1304,softmatch,cifar10,SoftMatch algorithm sweep (6 OOD sources × r × seeds),,0h 47m 51s,2871,0.7975
alg_softmatch_svhn_r0.1_s30_0406_1352,softmatch,cifar10,SoftMatch algorithm sweep (6 OOD sources × r × seeds),,0h 47m 51s,2871,0.7975
alg_softmatch_svhn_r0.1_s40_0406_1440,softmatch,cifar10,SoftMatch algorithm sweep (6 OOD sources × r × seeds),,0h 47m 56s,2876,0.798889
alg_softmatch_svhn_r0.2_s0_0407_1129,softmatch,cifar10,SoftMatch algorithm sweep (6 OOD sources × r × seeds),,0h 47m 50s,2870,0.797222
alg_softmatch_svhn_r0.2_s10_0407_1217,softmatch,cifar10,SoftMatch algorithm sweep (6 OOD sources × r × seeds),,0h 47m 49s,2869,0.796944
alg_softmatch_svhn_r0.2_s20_0407_1305,softmatch,cifar10,SoftMatch algorithm sweep (6 OOD sources × r × seeds),,0h 47m 51s,2871,0.7975
alg_softmatch_svhn_r0.2_s30_0407_1352,softmatch,cifar10,SoftMatch algorithm sweep (6 OOD sources × r × seeds),,0h 47m 51s,2871,0.7975
alg_softmatch_svhn_r0.2_s40_0407_1440,softmatch,cifar10,SoftMatch algorithm sweep (6 OOD sources × r × seeds),,0h 47m 55s,2875,0.798611
alg_softmatch_svhn_r0.3_s0_0408_1124,softmatch,cifar10,SoftMatch algorithm sweep (6 OOD sources × r × seeds),,0h 47m 53s,2873,0.798056
alg_softmatch_svhn_r0.3_s10_0408_1212,softmatch,cifar10,SoftMatch algorithm sweep (6 OOD sources × r × seeds),,0h 47m 52s,2872,0.797778
alg_softmatch_svhn_r0.3_s20_0408_1300,softmatch,cifar10,SoftMatch algorithm sweep (6 OOD sources × r × seeds),,0h 47m 53s,2873,0.798056
alg_softmatch_svhn_r0.3_s30_0408_1347,softmatch,cifar10,SoftMatch algorithm sweep (6 OOD sources × r × seeds),,0h 47m 52s,2872,0.797778
alg_softmatch_svhn_r0.3_s40_0408_1435,softmatch,cifar10,SoftMatch algorithm sweep (6 OOD sources × r × seeds),,0h 47m 56s,2876,0.798889
alg_softmatch_svhn_r0.4_s0_0409_1118,softmatch,cifar10,SoftMatch algorithm sweep (6 OOD sources × r × seeds),,0h 47m 52s,2872,0.797778
alg_softmatch_svhn_r0.4_s10_0409_1206,softmatch,cifar10,SoftMatch algorithm sweep (6 OOD sources × r × seeds),,0h 47m 50s,2870,0.797222
alg_softmatch_svhn_r0.4_s20_0409_1254,softmatch,cifar10,SoftMatch algorithm sweep (6 OOD sources × r × seeds),,0h 47m 47s,2867,0.796389
alg_softmatch_svhn_r0.4_s30_0409_1342,softmatch,cifar10,SoftMatch algorithm sweep (6 OOD sources × r × seeds),,0h 47m 50s,2870,0.797222
alg_softmatch_svhn_r0.4_s40_0409_1429,softmatch,cifar10,SoftMatch algorithm sweep (6 OOD sources × r × seeds),,0h 47m 55s,2875,0.798611
alg_softmatch_svhn_r0.5_s0_0410_1112,softmatch,cifar10,SoftMatch algorithm sweep (6 OOD sources × r × seeds),,0h 47m 47s,2867,0.796389
alg_softmatch_svhn_r0.5_s10_0410_1200,softmatch,cifar10,SoftMatch algorithm sweep (6 OOD sources × r × seeds),,0h 47m 47s,2867,0.796389
alg_softmatch_svhn_r0.5_s20_0410_1248,softmatch,cifar10,SoftMatch algorithm sweep (6 OOD sources × r × seeds),,0h 47m 46s,2866,0.796111
alg_softmatch_svhn_r0.5_s30_0410_1336,softmatch,cifar10,SoftMatch algorithm sweep (6 OOD sources × r × seeds),,0h 47m 46s,2866,0.796111
alg_softmatch_svhn_r0.5_s40_0410_1424,softmatch,cifar10,SoftMatch algorithm sweep (6 OOD sources × r × seeds),,0h 47m 50s,2870,0.797222
alg_softmatch_textures_r0.1_s0_0407_0331,softmatch,cifar10,SoftMatch algorithm sweep (6 OOD sources × r × seeds),,0h 48m 7s,2887,0.801944
alg_softmatch_textures_r0.1_s10_0407_0419,softmatch,cifar10,SoftMatch algorithm sweep (6 OOD sources × r × seeds),,0h 47m 56s,2876,0.798889
alg_softmatch_textures_r0.1_s20_0407_0507,softmatch,cifar10,SoftMatch algorithm sweep (6 OOD sources × r × seeds),,0h 47m 59s,2879,0.799722
alg_softmatch_textures_r0.1_s30_0407_0555,softmatch,cifar10,SoftMatch algorithm sweep (6 OOD sources × r × seeds),,0h 47m 59s,2879,0.799722
alg_softmatch_textures_r0.1_s40_0407_0643,softmatch,cifar10,SoftMatch algorithm sweep (6 OOD sources × r × seeds),,0h 48m 0s,2880,0.8
alg_softmatch_textures_r0.2_s0_0408_0326,softmatch,cifar10,SoftMatch algorithm sweep (6 OOD sources × r × seeds),,0h 47m 57s,2877,0.799167
alg_softmatch_textures_r0.2_s10_0408_0414,softmatch,cifar10,SoftMatch algorithm sweep (6 OOD sources × r × seeds),,0h 47m 56s,2876,0.798889
alg_softmatch_textures_r0.2_s20_0408_0501,softmatch,cifar10,SoftMatch algorithm sweep (6 OOD sources × r × seeds),,0h 47m 55s,2875,0.798611
alg_softmatch_textures_r0.2_s30_0408_0549,softmatch,cifar10,SoftMatch algorithm sweep (6 OOD sources × r × seeds),,0h 47m 54s,2874,0.798333
alg_softmatch_textures_r0.2_s40_0408_0637,softmatch,cifar10,SoftMatch algorithm sweep (6 OOD sources × r × seeds),,0h 48m 3s,2883,0.800833
alg_softmatch_textures_r0.3_s0_0409_0320,softmatch,cifar10,SoftMatch algorithm sweep (6 OOD sources × r × seeds),,0h 47m 56s,2876,0.798889
alg_softmatch_textures_r0.3_s10_0409_0408,softmatch,cifar10,SoftMatch algorithm sweep (6 OOD sources × r × seeds),,0h 47m 54s,2874,0.798333
alg_softmatch_textures_r0.3_s20_0409_0456,softmatch,cifar10,SoftMatch algorithm sweep (6 OOD sources × r × seeds),,0h 47m 57s,2877,0.799167
alg_softmatch_textures_r0.3_s30_0409_0544,softmatch,cifar10,SoftMatch algorithm sweep (6 OOD sources × r × seeds),,0h 47m 56s,2876,0.798889
alg_softmatch_textures_r0.3_s40_0409_0632,softmatch,cifar10,SoftMatch algorithm sweep (6 OOD sources × r × seeds),,0h 48m 0s,2880,0.8
alg_softmatch_textures_r0.4_s0_0410_0314,softmatch,cifar10,SoftMatch algorithm sweep (6 OOD sources × r × seeds),,0h 48m 1s,2881,0.800278
alg_softmatch_textures_r0.4_s10_0410_0402,softmatch,cifar10,SoftMatch algorithm sweep (6 OOD sources × r × seeds),,0h 48m 1s,2881,0.800278
alg_softmatch_textures_r0.4_s20_0410_0450,softmatch,cifar10,SoftMatch algorithm sweep (6 OOD sources × r × seeds),,0h 48m 3s,2883,0.800833
alg_softmatch_textures_r0.4_s30_0410_0538,softmatch,cifar10,SoftMatch algorithm sweep (6 OOD sources × r × seeds),,0h 48m 1s,2881,0.800278
alg_softmatch_textures_r0.4_s40_0410_0626,softmatch,cifar10,SoftMatch algorithm sweep (6 OOD sources × r × seeds),,0h 48m 7s,2887,0.801944
alg_softmatch_textures_r0.5_s0_0411_0307,softmatch,cifar10,SoftMatch algorithm sweep (6 OOD sources × r × seeds),,0h 47m 59s,2879,0.799722
alg_softmatch_textures_r0.5_s10_0411_0355,softmatch,cifar10,SoftMatch algorithm sweep (6 OOD sources × r × seeds),,0h 48m 0s,2880,0.8
alg_softmatch_textures_r0.5_s20_0411_0443,softmatch,cifar10,SoftMatch algorithm sweep (6 OOD sources × r × seeds),,0h 48m 0s,2880,0.8
alg_softmatch_textures_r0.5_s30_0411_0531,softmatch,cifar10,SoftMatch algorithm sweep (6 OOD sources × r × seeds),,0h 48m 0s,2880,0.8
alg_softmatch_textures_r0.5_s40_0411_0619,softmatch,cifar10,SoftMatch algorithm sweep (6 OOD sources × r × seeds),,0h 48m 5s,2885,0.801389
cifar100_r0.0_s0_0406_1118,fixmatch,cifar100,FixMatch CIFAR-100 as labeled data (r sweep × seeds),,9h 44m 58s,35098,9.749444
cifar100_r0.0_s10_0406_2103,fixmatch,cifar100,FixMatch CIFAR-100 as labeled data (r sweep × seeds),,9h 42m 38s,34958,9.710556
cifar100_r0.0_s20_0407_0646,fixmatch,cifar100,FixMatch CIFAR-100 as labeled data (r sweep × seeds),,9h 49m 29s,35369,9.824722
cifar100_r0.0_s30_0407_1635,fixmatch,cifar100,FixMatch CIFAR-100 as labeled data (r sweep × seeds),,9h 53m 24s,35604,9.89
cifar100_r0.0_s40_0406_1118,fixmatch,cifar100,FixMatch CIFAR-100 as labeled data (r sweep × seeds),,9h 1m 48s,32508,9.03
cifar100_r0.1_s0_0408_0229,fixmatch,cifar100,FixMatch CIFAR-100 as labeled data (r sweep × seeds),,9h 48m 1s,35281,9.800278
cifar100_r0.1_s10_0408_1217,fixmatch,cifar100,FixMatch CIFAR-100 as labeled data (r sweep × seeds),,9h 56m 57s,35817,9.949167
cifar100_r0.1_s20_0408_2214,fixmatch,cifar100,FixMatch CIFAR-100 as labeled data (r sweep × seeds),,9h 49m 51s,35391,9.830833
cifar100_r0.1_s30_0409_0804,fixmatch,cifar100,FixMatch CIFAR-100 as labeled data (r sweep × seeds),,9h 46m 39s,35199,9.7775
cifar100_r0.1_s40_0406_2020,fixmatch,cifar100,FixMatch CIFAR-100 as labeled data (r sweep × seeds),,9h 4m 0s,32640,9.066667
cifar100_r0.2_s0_0407_0524,fixmatch,cifar100,FixMatch CIFAR-100 as labeled data (r sweep × seeds),,9h 3m 16s,32596,9.054444
cifar100_r0.2_s10_0407_1427,fixmatch,cifar100,FixMatch CIFAR-100 as labeled data (r sweep × seeds),,9h 5m 11s,32711,9.086389
cifar100_r0.2_s20_0407_2333,fixmatch,cifar100,FixMatch CIFAR-100 as labeled data (r sweep × seeds),,9h 1m 11s,32471,9.019722
cifar100_r0.2_s30_0408_0834,fixmatch,cifar100,FixMatch CIFAR-100 as labeled data (r sweep × seeds),,9h 1m 51s,32511,9.030833
cifar100_r0.2_s40_0408_1736,fixmatch,cifar100,FixMatch CIFAR-100 as labeled data (r sweep × seeds),,9h 9m 41s,32981,9.161389
cifar100_r0.3_s0_0409_0246,fixmatch,cifar100,FixMatch CIFAR-100 as labeled data (r sweep × seeds),,8h 58m 52s,32332,8.981111
cifar100_r0.3_s10_0406_1118,fixmatch,cifar100,FixMatch CIFAR-100 as labeled data (r sweep × seeds),,10h 32m 38s,37958,10.543889
cifar100_r0.3_s20_0406_2151,fixmatch,cifar100,FixMatch CIFAR-100 as labeled data (r sweep × seeds),,10h 26m 13s,37573,10.436944
cifar100_r0.3_s30_0407_0817,fixmatch,cifar100,FixMatch CIFAR-100 as labeled data (r sweep × seeds),,10h 31m 0s,37860,10.516667
cifar100_r0.3_s40_0407_1848,fixmatch,cifar100,FixMatch CIFAR-100 as labeled data (r sweep × seeds),,37h 51m 2s,136262,37.850556
cifar100_r0.4_s0_0409_1347,fixmatch,cifar100,FixMatch CIFAR-100 as labeled data (r sweep × seeds),,8h 58m 58s,32338,8.982778
cifar100_r0.4_s10_0409_2246,fixmatch,cifar100,FixMatch CIFAR-100 as labeled data (r sweep × seeds),,8h 42m 29s,31349,8.708056
cifar100_r0.4_s20_0409_1347,fixmatch,cifar100,FixMatch CIFAR-100 as labeled data (r sweep × seeds),,9h 46m 44s,35204,9.778889
cifar100_r0.4_s30_0406_1118,fixmatch,cifar100,FixMatch CIFAR-100 as labeled data (r sweep × seeds),,9h 55m 48s,35748,9.93
cifar100_r0.4_s40_0406_2114,fixmatch,cifar100,FixMatch CIFAR-100 as labeled data (r sweep × seeds),,9h 56m 1s,35761,9.933611
cifar100_r0.5_s0_0407_0710,fixmatch,cifar100,FixMatch CIFAR-100 as labeled data (r sweep × seeds),,10h 2m 27s,36147,10.040833
cifar100_r0.5_s10_0407_1713,fixmatch,cifar100,FixMatch CIFAR-100 as labeled data (r sweep × seeds),,10h 15m 9s,36909,10.2525
cifar100_r0.5_s20_0408_0328,fixmatch,cifar100,FixMatch CIFAR-100 as labeled data (r sweep × seeds),,9h 51m 20s,35480,9.855556
cifar100_r0.5_s30_0408_1319,fixmatch,cifar100,FixMatch CIFAR-100 as labeled data (r sweep × seeds),,10h 2m 38s,36158,10.043889
cifar100_r0.5_s40_0408_2322,fixmatch,cifar100,FixMatch CIFAR-100 as labeled data (r sweep × seeds),,9h 53m 25s,35605,9.890278
